MouseID,FileName,Condition,CurveID,CurveIndex,NumCurvesInFile,NumSamples,Fs,MeanVal,MedianVal,StdVal,RMSVal,MinVal,MinTime,MaxVal,MaxTime,PeakToPeak,Energy,AbsArea,BaselineMean,BaselineStd,EndMean,Drift,Amp4Hz,Phase4Hz,NoiseAround4Hz,SNR4Hz,BandAmp_0_5,BandAmp_5_10,BandAmp_10_30,BandAmp_30_80,BandEnergy_0_5,BandEnergy_5_10,BandEnergy_10_30,BandEnergy_30_80,DominantFreq_0_80,DominantAmp_0_80,SpectralCentroid_0_80,LowHighRatio,OutlierScore,MaxRZ,NumStrongFeatures,NumModerateFeatures,AmpShapeScore,BaselineScore,FlickerScore,SpectralScore,NumHighGroups,IsPhase1Candidate,IsFinalExclude,OutlierGroup,SelectionReason,TopFeatureReason,RZ_RMSVal,RZ_PeakToPeak,RZ_StdVal,RZ_BaselineStd,RZ_Drift,RZ_Amp4Hz,RZ_SNR4Hz,RZ_BandEnergy_0_5,RZ_BandEnergy_5_10,RZ_BandEnergy_10_30,RZ_BandEnergy_30_80
mdx5Cv_662,saw4Hzhigh_s1_c1_5cv662.csv,high,saw4Hzhigh_s1_c1_5cv662_curve_015,15,120,2048,2047.92135981978,-2.92626953163735e-11,9.76e-06,3.24632702348993e-05,3.24553436641107e-05,-9.152e-05,0.0605492,6.094e-05,0.3208131,0.00015246,1.0533897809699e-09,2.70826022708611e-05,4.02866796116505e-06,3.55891788605756e-05,-4.20721359223301e-05,-4.61008038834951e-05,4.82492353347035e-06,-0.999210600175663,6.56522727377685e-06,0.734921021329926,1.2088728620328e-05,6.49114155081115e-06,2.48102560765283e-06,9.58663426094474e-07,1.62405121536374e-09,2.12655445194599e-10,1.72587819037789e-10,6.67818888959871e-11,0.999961601474503,3.30950760259305e-05,17.9916475711033,7.67308851502033,3.28557691736415,8.18145726596732,3,4,1.01375984957689,8.18145726596732,1.1146650157359,4.56286143571792,2,1,1,mixed,"severe_feature, multiple_strong_features, strong_group_score","BaselineStd, BandEnergy_30_80, BandEnergy_10_30, BandEnergy_5_10",0.46263212006488,1.01375984957689,0.462632120102448,8.18145726596732,0.947274514638911,0.940034583106969,1.1146650157359,0.0968693847156405,3.3160689963815,3.9375486823277,4.56286143571792
mdx5Cv_662,saw4Hzhigh_s1_c1_5cv662.csv,high,saw4Hzhigh_s1_c1_5cv662_curve_016,16,120,2048,2047.92135981978,-9.85839843809039e-12,7.247e-06,3.18820405438778e-05,3.18742558921837e-05,-0.0001019,0.9966203,7.463e-05,0.9175157,0.00017653,1.01600720185885e-09,2.4184525871813e-05,-3.31645631067961e-05,6.88675124419416e-06,-7.97777669902913e-05,-4.66132038834952e-05,1.01800793674022e-05,-2.7899913282286,6.47790944807901e-06,1.57150689565012,1.27428061825271e-05,6.87603694607615e-06,3.69071534887829e-06,7.39728916615982e-07,1.40284385050826e-09,2.67994606464979e-10,3.12837074602098e-10,3.54706740046571e-11,2.99988480442351,2.57972612488342e-05,16.9725608842229,4.79701470468406,3.01631211915481,8.50674526534067,2,2,2.1598941651859,0.957090991033094,0.424377302213758,8.50674526534067,1,1,1,spectral_energy,"severe_feature, multiple_strong_features, strong_group_score","BandEnergy_10_30, BandEnergy_5_10",0.344362334789608,2.1598941651859,0.344362334825679,0.170137370530886,0.957090991033094,0.00353484303705213,0.424377302213758,0.232834012030735,4.60957851798915,8.50674526534067,0.620478752183093
mdx5Cv_662,saw4Hzhigh_s1_c1_5cv662.csv,high,saw4Hzhigh_s1_c1_5cv662_curve_017,17,120,2048,2047.92135981978,-1.44374023438094e-10,1.121e-05,3.87697915023361e-05,3.87603250657645e-05,-0.000112,0.0625024,7.753e-05,0.317395,0.00018953,1.50242048993522e-09,2.98442739849047e-05,-0.000100528446601942,5.289296212734e-06,-6.5951e-06,9.39333466019418e-05,1.16842531875458e-05,1.58653506532809,5.58530359786857e-06,2.09196384446142,1.69811788349223e-05,5.03062657569995e-06,2.71840868253728e-06,8.48645661081167e-07,2.6115155551635e-09,1.30381001761539e-10,1.79464806718133e-10,6.24674448536818e-11,0.999961601474503,3.99535677166752e-05,16.2716455327555,11.3333134487447,2.23978909867805,4.16159485272638,2,3,2.77891145238645,1.73547711030169,0.268567733266072,4.16159485272638,1,1,1,spectral_energy,"multiple_strong_features","BandEnergy_10_30, BandEnergy_30_80, PeakToPeak",1.74589573799532,2.77891145238645,1.74589573802306,0.634951603358196,1.73547711030169,0.268567733266072,0.00506460950104354,1.56865739326861,1.39296836524498,4.16159485272638,4.0196314926928
mdx5Cv_662,saw4Hzhigh_s1_c1_5cv662.csv,high,saw4Hzhigh_s1_c1_5cv662_curve_019,19,120,2048,2047.92135981978,-3.4716796880701e-11,4.132e-05,0.000121988515877183,0.000121958729888249,-0.0003895,0.0844759,0.0001286,0.4174965,0.0005181,1.48745029549359e-08,8.897501909743e-05,-2.3266727184466e-05,9.25692924217961e-05,3.76923300970874e-05,6.09590572815534e-05,4.24325785840558e-05,0.678368856325942,1.70159357804793e-05,2.49369644613849,5.58291246503125e-05,1.5685964591531e-05,3.55046856417327e-06,7.7833293724601e-07,2.80355091145475e-08,1.33044078199238e-09,3.06392550538325e-10,4.9645213017865e-11,0.999961601474503,0.00012364448937623,8.8795609301907,82.4798226149561,19.5003306265203,39.4624094429044,8,8,18.6794089684332,24.7610587256484,5.68637080921738,39.4624094429044,4,1,1,mixed,"severe_feature, multiple_strong_features, high_global_score, strong_group_score, mixed_group_outlier","BandEnergy_0_5, BandEnergy_5_10, BaselineStd, StdVal, RMSVal, PeakToPeak, BandEnergy_10_30, Amp4Hz",18.6794089677945,18.4243353028082,18.6794089684332,24.7610587256484,1.10376100427416,5.68637080921738,0.336544123525001,39.4624094429044,29.4434251591725,8.29678837670796,2.40518935337516
mdx5Cv_662,saw4Hzhigh_s1_c1_5cv662.csv,high,saw4Hzhigh_s1_c1_5cv662_curve_025,25,120,2048,2047.92135981978,-9.22851562574485e-11,5.808e-05,0.000154906785392376,0.000154868961735291,-0.0004962,0.5854717,0.0001968,0.5302938,0.000693,2.3985316309747e-08,0.0001136559125593,8.81438834951456e-05,3.87261482139923e-06,0.000162526213592233,7.43823300970874e-05,4.27963826879793e-05,0.189861418804719,2.61773336477756e-05,1.63486408751385,7.05683565535493e-05,2.19730847841275e-05,5.12997967358059e-06,1.01884830896582e-06,4.45666733231779e-08,2.64691897831741e-09,6.36600900306533e-10,7.4245079110904e-11,1.99992320294901,0.000134950788915628,9.12414155935301,66.4188571372938,30.4035585067979,64.1016478123792,8,8,26.7524986513756,1.36092189562144,5.75047247875104,64.1016478123792,3,1,1,mixed,"severe_feature, multiple_strong_features, high_global_score, strong_group_score, mixed_group_outlier","BandEnergy_0_5, BandEnergy_5_10, PeakToPeak, StdVal, RMSVal, BandEnergy_10_30, Amp4Hz, BandEnergy_30_80",25.377684584577,26.7524986513756,25.3776845854314,1.04716581978725,1.36092189562144,5.75047247875104,0.372099714880196,64.1016478123792,60.2150711842225,19.0546840772767,5.50254876402283
mdx5Cv_662,saw4Hzhigh_s1_c1_5cv662.csv,high,saw4Hzhigh_s1_c1_5cv662_curve_027,27,120,2048,2047.92135981978,-2.79726562490227e-10,3.166e-05,0.00011378114313083,0.000113753361140006,-0.0002963,0.6230708,0.0001669,0.9238636,0.0004632,1.2940324060012e-08,8.5596874332824e-05,7.8696213592233e-05,5.64549866091576e-06,0.000150408737864078,7.17125242718447e-05,2.70564655836893e-05,-0.22819107029638,1.95431938242474e-05,1.38444441715625,5.12683964796286e-05,1.6764046798625e-05,4.25317005037207e-06,9.13655110052806e-07,2.37497858938536e-08,1.5714441271614e-09,4.57074441160079e-10,6.97177544170133e-11,0.999961601474503,9.82112981967572e-05,9.92036772730069,48.0668080518934,17.4846063316073,35.0766894616851,7,8,17.0093562725848,1.30977418707237,2.97712563129898,35.0766894616851,2,1,1,mixed,"severe_feature, multiple_strong_features, high_global_score, strong_group_score, mixed_group_outlier","BandEnergy_5_10, BandEnergy_0_5, StdVal, RMSVal, PeakToPeak, BandEnergy_10_30, BandEnergy_30_80, Amp4Hz",17.0093562720702,15.8101776822459,17.0093562725848,0.531306765524185,1.30977418707237,2.97712563129898,0.578727183713067,33.0746587262827,35.0766894616851,13.2058709738356,4.93251510234985
mdx5Cv_662,saw4Hzhigh_s1_c1_5cv662.csv,high,saw4Hzhigh_s1_c1_5cv662_curve_029,29,120,2048,2047.92135981978,9.42724609343871e-11,3.6565e-05,0.0001376172160118,0.00013758361395639,-0.000441,0.24415,0.00013,0.5503141,0.000571,1.89299777125328e-08,9.17621940554091e-05,2.13988834951456e-05,7.88857898968437e-06,1.81290873786408e-05,-3.26979611650485e-06,5.04011896825297e-05,-3.10683153460841,1.95927116033892e-05,2.57244585140732,6.525836000921e-05,1.62832464057168e-05,4.5340004995275e-06,8.88873675129778e-07,3.58004097431174e-08,1.49670797493353e-09,4.83824393230256e-10,6.34619895231671e-11,0.999961601474503,0.000124827207893791,8.83072456406268,68.1491514520353,22.1064471957158,51.0357768771675,8,8,21.8595682714235,0.126724989495141,7.09042664522306,51.0357768771675,3,1,1,mixed,"severe_feature, multiple_strong_features, high_global_score, strong_group_score, mixed_group_outlier","BandEnergy_0_5, BandEnergy_5_10, StdVal, RMSVal, PeakToPeak, BandEnergy_10_30, Amp4Hz, BandEnergy_30_80",21.8595682706858,20.9432594945705,21.8595682714235,0.121366168394716,0.126724989495141,7.09042664522306,0.4015222071538,51.0357768771675,33.3297904791953,14.0773607304338,4.14485421869014
mdx5Cv_662,saw4Hzhigh_s1_c1_5cv662.csv,high,saw4Hzhigh_s1_c1_5cv662_curve_032,32,120,2048,2047.92135981978,4.34765624997327e-10,5.402e-05,0.000129702420597446,0.000129670751101769,-0.0004032,0.7348915,0.0001315,0.9971086,0.0005347,1.68151493682387e-08,9.006836357048e-05,2.51048155339806e-05,9.64617861118961e-06,0.000103152038834951,7.80472233009709e-05,5.18335714337007e-05,2.87955651102142,1.7025914604179e-05,3.04439277642695,6.10762276528337e-05,1.53044706906458e-05,3.62608917726616e-06,1.07980137143612e-06,3.1622196391092e-08,1.56392570443514e-09,3.13948314103188e-10,8.07227240822501e-11,0.999961601474503,0.000122234251667561,9.73509818279373,84.085479333316,20.4161359621826,44.8082666159524,8,8,20.2490497989069,1.43113332736055,7.34280989398078,44.8082666159524,3,1,1,mixed,"severe_feature, multiple_strong_features, high_global_score, strong_group_score, mixed_group_outlier","BandEnergy_0_5, BandEnergy_5_10, StdVal, RMSVal, PeakToPeak, BandEnergy_10_30, Amp4Hz, BandEnergy_30_80",20.2490497983641,19.2147727618489,20.2490497989069,0.632777947504883,1.43113332736055,7.34280989398078,0.79093729743408,44.8082666159524,34.9009522231611,8.54294846450106,6.31814648048808
mdx5Cv_662,saw4Hzhigh_s1_c1_5cv662.csv,high,saw4Hzhigh_s1_c1_5cv662_curve_034,34,120,2048,2047.92135981978,-3.30097656253096e-10,1.653e-05,5.60360501643907e-05,5.60223678186413e-05,-0.0002056,0.0771514,6.989e-05,0.3691548,0.00027549,3.13862621462586e-09,3.90269488409619e-05,-5.93062233009709e-05,3.3420981156885e-05,7.4643427184466e-06,6.67705660194175e-05,2.61427309777041e-05,1.16886367384834,9.89130666664066e-06,2.64300075391313,2.54200398277143e-05,7.38094514197708e-06,1.79524649675379e-06,7.39720255964517e-07,5.80801728211991e-09,3.30609834502157e-10,8.29182725569923e-11,4.08239833209288e-11,1.99992320294901,5.75111868430824e-05,11.9133784256552,49.6080830098247,4.75654904533224,7.55057305801707,6,7,6.87204422221406,7.55057305801707,2.81612713479316,6.33295390650505,3,1,1,mixed,"severe_feature, multiple_strong_features, high_global_score, strong_group_score, mixed_group_outlier","BaselineStd, PeakToPeak, BandEnergy_0_5, BandEnergy_5_10, StdVal, RMSVal, Amp4Hz",5.25926874019261,6.87204422221406,5.25926874019272,7.55057305801707,1.21509694951191,2.81612713479316,0.459738803708325,6.33295390650505,6.07316039751928,1.01619424282045,1.29451181098718
mdx5Cv_662,saw4Hzhigh_s1_c1_5cv662.csv,high,saw4Hzhigh_s1_c1_5cv662_curve_035,35,120,2048,2047.92135981978,-1.00493164065553e-10,3.5285e-05,0.000105468682071666,0.000105442929737775,-0.0003473,0.6606699,0.0001183,0.9282583,0.0004656,1.11186383710044e-08,7.3245424435243e-05,1.48418116504854e-05,1.78480071683488e-05,0.000103510485436893,8.86686737864077e-05,3.240168563085e-05,-1.36538520441308,1.77485069312615e-05,1.82560064099666,4.86794307031249e-05,1.30780524353673e-05,2.11312982461238e-06,9.6980149063181e-07,2.0891806985331e-08,1.08292427259654e-09,1.5005341537899e-10,6.77465991045764e-11,1.99992320294901,0.000107464519441977,9.82205766776699,100.893973340958,14.0526914788825,28.8149210155377,7,9,15.924457796806,3.01927808271833,3.91894438857123,28.8149210155377,3,1,1,mixed,"severe_feature, multiple_strong_features, high_global_score, strong_group_score, mixed_group_outlier","BandEnergy_0_5, BandEnergy_5_10, PeakToPeak, StdVal, RMSVal, BandEnergy_30_80, Amp4Hz, BandEnergy_10_30, BaselineStd",15.3179199951936,15.924457796806,15.3179199957129,3.01927808271833,1.63461735929314,3.91894438857123,0.214718263160453,28.8149210155377,23.6579207476704,3.20339776092899,4.68432771654322
mdx5Cv_662,saw4Hzhigh_s1_c1_5cv662.csv,high,saw4Hzhigh_s1_c1_5cv662_curve_039,39,120,2048,2047.92135981978,6.68457031253385e-11,3.856e-05,9.62882954843197e-05,9.62647847293875e-05,-0.0003246,0.8940773,9.601e-05,0.4614435,0.00042061,9.26726462829243e-09,7.274412964427e-05,5.15752427184466e-05,3.14777009296379e-06,-4.10935533980582e-05,-9.26687961165048e-05,2.54438014749913e-05,-0.695360163541159,1.41709917158757e-05,1.79548488805395,4.26754772196152e-05,1.14451549127395e-05,4.53021672107526e-06,8.94016074212549e-07,1.71590668563265e-08,7.17077329682175e-10,5.62562126704288e-10,6.06048148630879e-11,0.999961601474503,0.00010197783025434,10.6619744338122,28.6859533522202,12.1511637109221,23.2513761466391,7,8,13.7821818159482,1.83941658427156,2.69297693520212,23.2513761466391,2,1,1,mixed,"severe_feature, multiple_strong_features, high_global_score, strong_group_score, mixed_group_outlier","BandEnergy_0_5, BandEnergy_10_30, BandEnergy_5_10, PeakToPeak, StdVal, RMSVal, BandEnergy_30_80, Amp4Hz",13.4498764881558,13.7821818159482,13.4498764886185,1.25807513474848,1.83941658427156,2.69297693520212,0.239567516390689,23.2513761466391,15.1065351963307,16.6425663801619,3.78510848723819
mdx5Cv_662,saw4Hzhigh_s1_c1_5cv662.csv,high,saw4Hzhigh_s1_c1_5cv662_curve_040,40,120,2048,2047.92135981978,-1.83535156276842e-11,-3.5945e-06,3.0992101904189e-05,3.09845345492033e-05,-0.0001016,0.0029298,6.313e-05,0.0918004,0.00016473,9.60078246819812e-10,2.57484622830635e-05,-4.06333893203883e-05,3.21889598448005e-05,-1.54184077669903e-05,2.52149815533981e-05,8.19693832102783e-06,-3.10641465802655,3.33702784561265e-06,2.45635898161872,1.07128312171961e-05,4.85644429849282e-06,2.47801517905651e-06,8.23901370100748e-07,1.54419667261763e-09,1.32318386290747e-10,1.74657948689591e-10,4.98088093309182e-11,0.999961601474503,3.66915421663213e-05,19.3505678551522,7.46887162834394,2.67505749635118,7.19208970185022,2,2,1.59801693526541,7.19208970185022,0.345891264646583,4.00499167368868,2,1,1,mixed,"severe_feature, multiple_strong_features, strong_group_score","BaselineStd, BandEnergy_10_30",0.163275832418092,1.59801693526541,0.163275832447394,7.19208970185022,0.418981777854806,0.345891264646583,0.305736057308237,0.0221515800981757,1.43825321015439,4.00499167368868,2.42578770045015
mdx5Cv_662,saw4Hzhigh_s1_c1_5cv662.csv,high,saw4Hzhigh_s1_c1_5cv662_curve_101,101,120,2048,2047.92135981978,-3.39062500025738e-11,2.14e-06,3.78770070088874e-05,3.78677585636398e-05,-0.0001305,0.4922064,7.991e-05,0.1396538,0.00021041,1.43402220297224e-09,2.64733304626359e-05,1.05934981553398e-05,6.94735255389527e-06,1.35340786407767e-05,2.94058048543689e-06,2.48116186939485e-05,2.43401592477888,3.78981674257972e-06,6.54691780046483,1.55044582277569e-05,4.19036396104306e-06,4.16501212914363e-06,8.14545217048593e-07,2.21273920862979e-09,1.12838266926747e-10,4.8537288126539e-10,4.93322414281761e-11,0.999961601474503,3.27761941507083e-05,17.2459318815614,4.34926917870121,4.73358348299243,14.1278090997353,3,4,3.77314844905933,0.152504103413937,3.68095739532522,14.1278090997353,3,1,1,mixed,"severe_feature, multiple_strong_features, high_global_score, strong_group_score, mixed_group_outlier","BandEnergy_10_30, PeakToPeak, SNR4Hz, Amp4Hz",1.56423015553069,3.77314844905933,1.56423015560411,0.152504103413937,0.00774759817597872,2.58158739539694,3.68095739532522,0.97429239063784,0.982920687923435,14.1278090997353,2.36578322429617
mdx5Cv_662,saw4Hzhigh_s1_c2_5cv662.csv,high,saw4Hzhigh_s1_c2_5cv662_curve_015,15,120,2048,2047.92135981978,3.92382812495388e-11,4.373e-06,5.41045689075297e-05,5.40913581714399e-05,-0.0002048,0.0693386,0.0002594,0.0283214,0.0004642,2.9259873824321e-09,3.5209731308406e-05,0.000137147281553398,7.26613820779565e-05,-4.43982524271845e-05,-0.000181545533980583,1.72775125649636e-05,-0.373485543512841,1.60350363721989e-05,1.07748508726052,1.82450295880355e-05,1.83854349659879e-05,7.54112668655418e-06,1.28016243070954e-06,2.49671797027254e-09,1.69704781824267e-09,1.51004337101223e-09,1.12594650249165e-10,0.999961601474503,2.82180436937674e-05,16.6733885564962,2.58453528124096,17.6494240570146,47.3820304458814,7,8,10.9403749822819,14.5058223767202,0.894509347577534,47.3820304458814,3,1,1,mixed,"severe_feature, multiple_strong_features, high_global_score, strong_group_score, mixed_group_outlier","BandEnergy_10_30, BandEnergy_5_10, BaselineStd, PeakToPeak, BandEnergy_30_80, RMSVal, StdVal, Drift",3.60928228452029,10.9403749822819,3.60928228451232,14.5058223767202,2.92395380030159,0.894509347577534,0.810183306611757,0.72295650374578,28.0598524270265,47.3820304458814,5.23626745824697
mdx5Cv_662,saw4Hzhigh_s1_c2_5cv662.csv,high,saw4Hzhigh_s1_c2_5cv662_curve_019,19,120,2048,2047.92135981978,-9.53149414022571e-11,3.236e-05,9.26052041128274e-05,9.2582592659942e-05,-0.000253,0.0922887,0.0001611,0.024415,0.0004141,8.57186561063696e-09,7.19392542729105e-05,1.72818058252427e-05,0.00011316454109359,9.70741451456311e-06,-7.57439131067961e-06,4.67015876869899e-05,0.792288090046866,1.6575148283283e-05,2.81756681075761,3.95811960231873e-05,1.90473032512692e-05,6.04548047629938e-06,1.21912427751447e-06,1.39866395254959e-08,1.93353421031197e-09,1.07568117118558e-09,1.10516361943884e-10,0.999961601474503,9.01071954064622e-05,12.7563695932564,13.4211801247859,17.2365998848931,33.1966708252494,9,9,10.1773986401987,23.6689988430554,5.47302865181372,33.1966708252494,4,1,1,mixed,"severe_feature, multiple_strong_features, high_global_score, strong_group_score, mixed_group_outlier","BandEnergy_10_30, BandEnergy_5_10, BaselineStd, BandEnergy_0_5, RMSVal, StdVal, PeakToPeak, Amp4Hz, BandEnergy_30_80",10.1773986401987,9.20789679464908,10.1773986401735,23.6689988430554,0.0663580583440439,5.47302865181372,0.492368699651467,14.9216646584355,32.1774758620471,33.1966708252494,5.06680568717726
mdx5Cv_662,saw4Hzhigh_s1_c2_5cv662.csv,high,saw4Hzhigh_s1_c2_5cv662_curve_024,24,120,2048,2047.92135981978,-2.15869140596678e-10,6.927e-05,0.000244661547149773,0.00024460180803357,-0.0008259,0.1079143,0.0008793,0.3950347,0.0017052,5.98323419670001e-08,0.00015812848816055,5.32182524271845e-05,1.75657578788171e-05,0.00010333640776699,5.01181553398058e-05,5.05514679972872e-05,0.247129881234501,4.32119700763645e-05,1.16984872265006,0.000108817676360546,4.1690389737381e-05,1.41796977523461e-05,6.64264491049766e-06,1.00025518426344e-07,1.14866219743447e-08,4.50115076754998e-09,3.42255463824564e-09,0.999961601474503,0.000193653546132196,16.3725189127418,14.0732310913831,119.239357391022,275.127446805438,8,8,53.8546550392136,2.04133962206048,6.07208745813454,275.127446805438,3,1,1,mixed,"severe_feature, multiple_strong_features, high_global_score, strong_group_score, mixed_group_outlier","BandEnergy_30_80, BandEnergy_5_10, BandEnergy_10_30, BandEnergy_0_5, PeakToPeak, RMSVal, StdVal, Amp4Hz",36.1178473720049,53.8546550392136,36.1178473719273,2.04133962206048,0.881281723294495,6.07208745813454,0.741043773130178,121.24449076289,198.512704328227,145.065332769964,275.127446805438
mdx5Cv_662,saw4Hzhigh_s1_c2_5cv662.csv,high,saw4Hzhigh_s1_c2_5cv662_curve_026,26,120,2048,2047.92135981978,1.68164062498764e-10,2.141e-05,5.52014772019039e-05,5.51879986334811e-05,-0.0002199,0.1250048,6.703e-05,0.4135901,0.00028693,3.04583214863253e-09,4.207412994002e-05,3.15837184466019e-05,9.19639377575656e-06,3.62268932038835e-05,4.64317475728156e-06,5.47733008488964e-06,-1.36226306944376,9.76696333882604e-06,0.560801745102433,2.38875538265434e-05,7.30939438460803e-06,2.7039203926074e-06,1.1845190515136e-06,5.4692015133502e-09,2.7615332227533e-10,2.32860217105797e-10,9.94812357537981e-11,1.99992320294901,4.69966415691243e-05,15.4609992643999,17.2874943754246,3.49292091853901,5.67190385842468,6,7,4.81030695190934,0.147908046568946,1.19695072956833,5.67190385842468,2,1,1,mixed,"severe_feature, multiple_strong_features, strong_group_score, mixed_group_outlier","BandEnergy_10_30, PeakToPeak, BandEnergy_0_5, BandEnergy_30_80, RMSVal, StdVal, BandEnergy_5_10",3.79641221814669,4.81030695190934,3.79641221809711,0.147908046568946,0.134323872216907,0.941652470745328,1.19695072956833,4.39621276750079,3.31970385402783,5.67190385842468,4.16701135960591
mdx5Cv_662,saw4Hzhigh_s1_c2_5cv662.csv,high,saw4Hzhigh_s1_c2_5cv662_curve_030,30,120,2048,2047.92135981978,7.84667968583273e-11,-6.478e-06,6.14622496994802e-05,6.14472424353096e-05,-0.000129,0.9453488,0.0001517,0.1684635,0.0002807,3.77590859222606e-09,4.80558232610359e-05,9.9027572815534e-05,1.01523499130448e-05,-9.61727184466019e-05,-0.000195200291262136,1.14588153270882e-05,-1.24882558667919,1.14705165354627e-05,0.998979888258725,2.65035747455364e-05,8.31955272173809e-06,4.00428926662397e-06,1.38385583594529e-06,6.46440619275699e-09,4.65124030097448e-10,4.37620648214513e-10,1.2236089552848e-10,0.999961601474503,5.48256884511986e-05,16.5780973551549,12.3745640415778,5.58991662814344,12.3589506422194,7,8,4.86448504395458,3.14824258559322,0.868948997372747,12.3589506422194,2,1,1,mixed,"severe_feature, multiple_strong_features, high_global_score, strong_group_score, mixed_group_outlier","BandEnergy_10_30, BandEnergy_5_10, BandEnergy_30_80, BandEnergy_0_5, RMSVal, StdVal, PeakToPeak, Drift",4.86448504395458,4.59487104155101,4.86448504393833,0.364177468335956,3.14824258559322,0.0109062863424378,0.868948997372747,5.62604020619681,6.60999979136348,12.3589506422194,6.03259837033867
mdx5Cv_662,saw4Hzhigh_s1_c2_5cv662.csv,high,saw4Hzhigh_s1_c2_5cv662_curve_034,34,120,2048,2047.92135981978,1.18251953131003e-10,-2.5015e-05,8.69661832300461e-05,8.69449486593717e-05,-0.0001262,0.7915343,0.0004543,0.2646586,0.0005805,7.55971437926612e-09,6.91070733265139e-05,-1.02307388349515e-05,1.87853567912446e-05,-6.87184466019417e-05,-5.84877077669903e-05,1.67516113601212e-05,-1.55459309644509,1.16365403287215e-05,1.43956974208691,3.28927008155855e-05,1.17824464192174e-05,4.51137293058637e-06,2.17954648677197e-06,1.3471628749084e-08,7.02726701426972e-10,5.61478523677384e-10,3.03997234536599e-10,0.999961601474503,0.000106088627697661,18.0922943134347,16.3775260941106,11.377547556288,20.8430631267059,7,7,14.9620758449903,2.31725390441091,0.812676739126589,20.8430631267059,2,1,1,mixed,"severe_feature, multiple_strong_features, high_global_score, strong_group_score, mixed_group_outlier","BandEnergy_30_80, BandEnergy_10_30, PeakToPeak, BandEnergy_0_5, BandEnergy_5_10, RMSVal, StdVal",9.21539515395822,14.9620758449903,9.21539515392932,2.31725390441091,0.902644318707039,0.812676739126589,0.539141959982712,14.2852384064679,10.7470595144584,16.403889419096,20.8430631267059
mdx5Cv_662,saw4Hzhigh_s1_c2_5cv662.csv,high,saw4Hzhigh_s1_c2_5cv662_curve_036,36,120,2048,2047.92135981978,-1.38666992189855e-10,-6.261e-06,6.71894548210608e-05,6.71730491428197e-05,-0.0002226,0.2124105,0.0001601,0.3413217,0.0003827,4.51239180033526e-09,5.11026819014231e-05,-9.06245631067961e-05,1.98439312981596e-05,-8.67767961165049e-05,3.84776699029127e-06,3.64426671223047e-05,-2.52125744749441,9.86563046306853e-06,3.6939014954904,3.06601284317762e-05,1.02892346925027e-05,4.38406956817179e-06,2.11022941060272e-06,7.5997885986867e-09,5.67577460430078e-10,4.7110019077424e-10,3.24187980430536e-10,0.999961601474503,6.11221812965151e-05,18.0842429254435,10.2696910057327,9.36005844746734,22.4893985026548,8,9,8.12207214212075,2.55673905187513,3.87669416547075,22.4893985026548,3,1,1,mixed,"severe_feature, multiple_strong_features, high_global_score, strong_group_score, mixed_group_outlier","BandEnergy_30_80, BandEnergy_10_30, BandEnergy_5_10, PeakToPeak, BandEnergy_0_5, RMSVal, StdVal, Amp4Hz, BaselineStd",5.84153255060921,8.12207214212075,5.84153255057541,2.55673905187513,0.121258752259719,3.87669416547075,1.14835599400837,7.02909272907821,8.39388529126261,13.4523223751499,22.4893985026548
mdx5Cv_662,saw4Hzhigh_s1_c2_5cv662.csv,high,saw4Hzhigh_s1_c2_5cv662_curve_038,38,120,2048,2047.92135981978,4.77539062521694e-11,2.608e-05,8.74964410794829e-05,8.74750770354516e-05,-0.0004037,0.0083011,0.000272,0.625024,0.0006757,7.65218293489971e-09,6.52074921528e-05,-0.000197777126213592,0.000105366568281524,-5.87899029126214e-05,0.000138987223300971,3.39090068430534e-05,-3.06707053270801,1.71157953606316e-05,1.98115285490082,3.3360801440101e-05,1.58722409993457e-05,8.37856915625583e-06,2.67965916394614e-06,1.11047566991762e-08,1.30352590046711e-09,1.86904131300866e-09,4.99987296702582e-10,0.999961601474503,8.5308912963963e-05,18.7923336457205,5.23770856365928,24.1815725920728,59.1061512655994,8,9,18.254130205522,21.9048351903125,3.48244515506619,59.1061512655994,4,1,1,mixed,"severe_feature, multiple_strong_features, high_global_score, strong_group_score, mixed_group_outlier","BandEnergy_10_30, BandEnergy_30_80, BaselineStd, BandEnergy_5_10, PeakToPeak, BandEnergy_0_5, RMSVal, StdVal, Amp4Hz",9.30585587582931,18.254130205522,9.30585587581175,21.9048351903125,2.34101732254509,3.48244515506619,0.133735615770155,11.3603685268424,21.2079779633489,59.1061512655994,36.8239176416042
mdx5Cv_662,saw4Hzhigh_s1_c2_5cv662.csv,high,saw4Hzhigh_s1_c2_5cv662_curve_101,101,120,2048,2047.92135981978,-9.87792967929055e-12,3.9725e-05,9.67296322509281e-05,9.67060137345832e-05,-0.0003301,0.5459194,0.0001031,0.1635805,0.0004332,9.35241221127214e-09,7.38072975435449e-05,4.85865048543689e-05,6.0522513569515e-06,6.95315533980582e-05,2.09450485436893e-05,4.23502645509777e-05,2.25805942941322,1.11467889291449e-05,3.79932416585041,4.41234726215394e-05,1.02120421017746e-05,4.09926176648124e-06,9.80172484414791e-07,1.75460231021933e-08,6.1931777212926e-10,4.60194047208569e-10,6.32941942683778e-11,0.999961601474503,9.99808015162184e-05,11.5096572643546,34.7005562493637,9.49552684987822,19.3201845589606,7,7,10.8810162238277,0.563402688667299,4.79594307156765,19.3201845589606,3,1,1,mixed,"severe_feature, multiple_strong_features, high_global_score, strong_group_score, mixed_group_outlier","BandEnergy_0_5, BandEnergy_10_30, RMSVal, StdVal, PeakToPeak, BandEnergy_5_10, Amp4Hz",10.8810162238277,9.86838249093224,10.8810162238096,0.563402688667299,0.402093367795596,4.79594307156765,1.22727097192508,19.3201845589606,9.29477061546085,13.0961505705706,1.21635233683702
mdx5Cv_662,saw4Hzlow_s2_c1_5cv662.csv,low,saw4Hzlow_s2_c1_5cv662_curve_011,11,120,2048,2047.92135981978,-1.9711914064051e-11,1.2695e-06,3.42501649696407e-05,3.42418020919806e-05,-7.552e-05,0.4306806,6.437e-05,0.2861438,0.00013989,1.17254603454517e-09,2.83623881900971e-05,-2.48743495145631e-05,2.58619524598106e-05,3.07381553398058e-05,5.56125048543689e-05,1.29643649576029e-05,0.0297794706796595,6.90951253045496e-06,1.87630674378886,1.51226491977441e-05,4.69333505557026e-06,2.66367075497008e-06,8.86414223190897e-07,1.93759577259098e-09,1.45989982708381e-10,1.89301217963395e-10,5.40287849114401e-11,1.99992320294901,3.19525064918994e-05,17.6629468033825,8.56279056984876,2.72093658907398,6.57612361399512,2,2,0.227561604846757,5.22504999643424,0.484858520101714,6.57612361399512,2,1,1,mixed,"severe_feature, multiple_strong_features, strong_group_score","BandEnergy_10_30, BaselineStd",0.22756160484452,0.11371838243577,0.227561604846757,5.22504999643424,1.59640412766891,0.00545282780424944,0.484858520101714,0.0100603114717241,1.34197320955475,6.57612361399512,2.48812951579643
mdx5Cv_662,saw4Hzlow_s2_c1_5cv662.csv,low,saw4Hzlow_s2_c1_5cv662_curve_036,36,120,2048,2047.92135981978,5.75195312495239e-11,-1.735e-06,3.73928706710191e-05,3.73837404375807e-05,-7.41e-05,0.7627246,8.199e-05,0.4174965,0.00015609,1.39759771479589e-09,3.135407577645e-05,-1.54977378640777e-05,7.56209372262912e-06,9.83993203883495e-06,2.53376699029126e-05,5.90452460515147e-06,-2.77892982638077,8.36051480584179e-06,0.706239357517668,1.51556025728163e-05,7.78954695015754e-06,1.63393219875557e-06,6.2208457456185e-07,2.30224484354733e-09,3.44940074900288e-10,1.14394983251296e-10,2.45973972897911e-11,1.99992320294901,3.67968969465714e-05,14.252338915352,19.0455093954771,2.13276787285739,5.94132544613705,1,2,0.742642861013658,0.874079119627697,1.22574942516284,5.94132544613705,1,1,1,spectral_energy,"severe_feature","BandEnergy_5_10, BandEnergy_10_30",0.742642861013658,0.610147156055178,0.74264286100973,0.00523479486123353,0.874079119627697,0.92544487658849,1.22574942516284,0.496803940807228,5.94132544613705,2.99544193260098,0.958428002989651
mdx5Cv_662,saw4Hzlow_s2_c1_5cv662.csv,low,saw4Hzlow_s2_c1_5cv662_curve_099,99,120,2048,2047.92135981978,2.65917968769452e-11,-4.424e-06,3.28351487308318e-05,3.28271313583068e-05,-7.607e-05,0.5669163,9.529e-05,0.2558692,0.00017136,1.07766193384477e-09,2.48034091916841e-05,-5.69831553398058e-06,1.11868194411974e-05,-2.60564718446602e-05,-2.03581563106796e-05,1.11143950203904e-05,1.55621239737716,6.76889138527984e-06,1.64198158714676,1.36337376044199e-05,7.59541888121509e-06,1.39421944033513e-06,6.68449411851347e-07,1.69533361171203e-09,3.65628601580158e-10,5.68544843556574e-11,2.77130965305757e-11,0.999961601474503,2.88267898487102e-05,15.4785530053755,24.3705304130663,2.02168476242707,6.41960530219697,1,1,1.29245745066979,1.03074849171605,0.633234057630726,6.41960530219697,1,1,1,spectral_energy,"severe_feature","BandEnergy_5_10",0.00435586087750227,1.29245745066979,0.00435586087617748,1.03074849171605,0.216174158056812,0.238480842331607,0.633234057630726,0.313317897411735,6.41960530219697,0.244880365519388,0.593564586332282
mdx5Cv_662,saw4Hzlow_s2_c1_5cv662.csv,low,saw4Hzlow_s2_c1_5cv662_curve_100,100,120,2048,2047.92135981978,6.12792968752039e-11,7.882e-08,3.18489537458093e-05,3.18411771729906e-05,-7.04e-05,0.1669986,0.0001036,0.0444353,0.000174,1.01389949600742e-09,2.46514479855041e-05,3.77259673786408e-05,3.89577106209319e-05,6.03621281553398e-06,-3.16897545631068e-05,3.35257784908157e-05,-0.699754619384214,4.75828510330006e-06,7.04576917133438,1.32311406877507e-05,6.08079580390375e-06,1.85363997889815e-06,5.41850657596452e-07,1.72443649339428e-09,1.90062359386179e-10,8.56700715140478e-11,1.96993701886231e-11,3.99984640589801,3.35257784908157e-05,15.4963581105669,18.169355246044,3.14048118961115,8.96795018622804,1,3,1.41042072360906,8.96795018622804,2.78846380437504,2.36084373135878,1,1,1,baseline_drift,"severe_feature, strong_group_score","BaselineStd, SNR4Hz, Amp4Hz",0.16599064311601,1.41042072360906,0.16599064312264,8.96795018622804,0.486533907727736,2.71664340741719,2.78846380437504,0.274470568891225,2.36084373135878,1.62232839068356,1.53201061315279
mdx5Cv_662,saw4Hzlow_s2_c2_5cv662.csv,low,saw4Hzlow_s2_c2_5cv662_curve_011,11,120,2048,2047.92135981978,9.54589843760332e-11,3.7285e-06,4.23818885427217e-05,4.23715401386845e-05,-9.258e-05,0.0024415,7.356e-05,0.1582092,0.00016614,1.79541635506484e-09,3.514558161859e-05,-2.38624281553398e-05,3.86426985950684e-05,7.03653786407767e-06,3.08989660194175e-05,1.27464516946972e-05,-0.396277507242476,8.58657095512646e-06,1.48446356071366,1.73823534630392e-05,5.37628428206592e-06,2.74440204842788e-06,1.06313790677519e-06,3.15348705058778e-09,1.60257279121951e-10,1.83199376053885e-10,7.16117029084945e-11,1.99992320294901,4.79740434921029e-05,18.3216334183946,13.0046992288576,2.97130138805608,6.68453735072278,2,2,1.10060387185007,6.45216354857535,0.558302635003024,6.68453735072278,2,1,1,mixed,"severe_feature, multiple_strong_features, strong_group_score","BandEnergy_10_30, BaselineStd",1.10060387184292,0.0671261323555711,1.10060387185007,6.45216354857535,0.769520384602673,0.0416460283517187,0.558302635003024,0.987167815027147,0.933463968118688,6.68453735072278,2.3712613669501
mdx5Cv_662,saw4Hzlow_s2_c2_5cv662.csv,low,saw4Hzlow_s2_c2_5cv662_curve_012,12,120,2048,2047.92135981978,5.42382812502142e-11,-1.641e-06,3.69740433961683e-05,3.69650154279631e-05,-9.172e-05,0.0278331,9.307e-05,0.9868543,0.00018479,1.36646483582439e-09,3.15146178199339e-05,-3.76653359223301e-05,3.2259889745517e-05,6.83188349514563e-05,0.000105984170873786,2.18624481438102e-05,0.976955563927468,7.56068740480427e-06,2.89159529717842,1.63896682796209e-05,7.20428377803651e-06,1.99141506296379e-06,7.87411997300209e-07,2.24414835760443e-09,3.01537128283653e-10,1.30551177332776e-10,3.91955730487596e-11,0.999961601474503,2.98740611914599e-05,16.0312754137592,14.9969419159788,2.33876680777762,5.06671671977751,2,3,0.927540131277493,5.06671671977751,1.24334876588701,3.90482374166411,2,1,1,mixed,"severe_feature, multiple_strong_features","BaselineStd, BandEnergy_10_30, BandEnergy_5_10",0.160015410921831,0.927540131277493,0.160015410939989,5.06671671977751,2.37584265977841,1.24334876588701,0.503679595521836,0.0523004506049755,3.18849108943386,3.90482374166411,0.8508091825519
mdx5Cv_662,saw4Hzlow_s2_c2_5cv662.csv,low,saw4Hzlow_s2_c2_5cv662_curve_036,36,120,2048,2047.92135981978,-1.05073242184092e-10,1.211e-06,4.18161649374562e-05,4.18059546664221e-05,-0.0001075,0.14649,0.0001016,0.4106603,0.0002091,1.74780495870421e-09,3.5228212862797e-05,-2.49150485436893e-05,4.3041721377912e-06,1.4038745631068e-05,3.89537941747573e-05,6.97777663864166e-06,-2.64134505289514,9.30521761839061e-06,0.749877856127131,1.65524866313747e-05,7.9390384061279e-06,1.98048177373651e-06,7.29077355423177e-07,2.97822014681313e-09,3.31817169234865e-10,1.36464089887922e-10,3.20600336517135e-11,1.99992320294901,4.42157868185377e-05,15.228055622101,19.6413005169832,2.00871481130256,4.21701302634942,2,2,2.04907709180253,1.00132655385331,1.11270485965075,4.21701302634942,1,1,1,spectral_energy,"multiple_strong_features","BandEnergy_10_30, BandEnergy_5_10",1.00220736071264,2.04907709180253,1.00220736071544,1.00132655385331,0.941839950271172,0.854800954208172,1.11270485965075,0.786819599455633,3.67180356452976,4.21701302634942,1.56006138031631
mdx5Cv_662,saw4Hzlow_s2_c2_5cv662.csv,low,saw4Hzlow_s2_c2_5cv662_curve_085,85,120,2048,2047.92135981978,3.16552734403696e-11,-2.625e-06,3.95689886651555e-05,3.9559327088009e-05,-0.0001114,0.9936905,8.14e-05,0.7783502,0.0001928,1.5650004533659e-09,3.0475339763775e-05,-1.98010194174757e-05,7.82194204607579e-06,-7.96980582524272e-05,-5.98970388349514e-05,1.51091664039474e-05,-2.67285247335026,7.49592870406469e-06,2.01564969465449,1.70600638341458e-05,5.15454491674837e-06,2.54706523682255e-06,1.19978198091922e-06,2.70982916504346e-09,1.47118987231651e-10,1.594404535941e-10,8.90152291251784e-11,1.99992320294901,3.74806243500923e-05,19.0909445971303,11.4988136626907,2.15388607669709,5.43011646449492,2,2,1.29707987022466,1.1729081587757,0.291403256891607,5.43011646449492,1,1,1,spectral_energy,"severe_feature, multiple_strong_features","BandEnergy_10_30, BandEnergy_30_80",0.611355179448774,1.29707987022466,0.611355179472035,0.23776253701519,1.1729081587757,0.291403256891607,0.157408944151011,0.480020922038603,0.723758162823895,5.43011646449492,4.10112207280556
mdx5Cv_663WT,saw4Hzhigh_s1_c2_5cv663WT.csv,high,saw4Hzhigh_s1_c2_5cv663WT_curve_010,10,120,2048,2047.92135981978,2.67382812501523e-10,1.586e-05,6.0098255581672e-05,6.00835813650829e-05,-0.0001572,0.4970894,9.325e-05,0.8945656,0.00025045,3.61017537506572e-09,4.69042390419e-05,-5.12447572815534e-07,5.2370465525567e-06,3.46941747572816e-05,3.52066223300971e-05,1.72815099592516e-05,3.02181055086815,7.48821749174736e-06,2.3078269264728,2.46371728169681e-05,3.00733522832108e-06,2.61675748811937e-06,1.41136162115727e-06,6.8069670034269e-09,4.82629693538864e-11,1.97028133027378e-10,1.36682583615344e-10,0.999961601474503,6.64760577389542e-05,17.3984583680288,20.5424191359932,4.70663419241854,10.225972944568,5,6,6.65606037439633,0.952818158386001,1.01805850017861,10.225972944568,2,1,1,mixed,"severe_feature, multiple_strong_features, high_global_score, strong_group_score, mixed_group_outlier","BandEnergy_0_5, StdVal, RMSVal, PeakToPeak, BandEnergy_10_30, BandEnergy_30_80",6.65606037430918,4.60638606549505,6.65606037439633,0.952818158386001,0.802848563051028,1.01805850017861,0.386221391811427,10.225972944568,0.837793216145699,3.77354604186622,3.4060650959237
mdx5Cv_663WT,saw4Hzhigh_s1_c2_5cv663WT.csv,high,saw4Hzhigh_s1_c2_5cv663WT_curve_011,11,120,2048,2047.92135981978,5.04882812571384e-12,-8.787e-07,2.43407296929207e-05,2.43347864063736e-05,-8.702e-05,0.493183,6.046e-05,0.0800812,0.00014748,5.92204569226078e-10,1.954941878409e-05,-1.68456106796117e-05,3.06870043473727e-05,-6.54576339805825e-06,1.02998472815534e-05,1.8589327028965e-05,-3.02949580716184,5.79643639163557e-06,3.20702683032594,8.71117528328574e-06,4.9680948547176e-06,2.96254272898034e-06,1.14240205703683e-06,6.89097483520412e-10,1.47630308810345e-10,2.4123271223363e-10,8.00880644239221e-11,3.99984640589801,1.8589327028965e-05,23.2632134885601,2.60402462245036,2.43047814621983,5.61050859493415,2,2,0.876582289418381,5.61050859493415,1.32047337150976,5.09243887734888,2,1,1,mixed,"severe_feature, multiple_strong_features","BaselineStd, BandEnergy_10_30",0.876582289418381,0.18012761495326,0.876582289402696,5.61050859493415,0.192210881301264,1.32047337150976,0.478459028321094,1.22419659816639,1.5745177422325,5.09243887734888,0.110468997544595
mdx5Cv_663WT,saw4Hzhigh_s1_c2_5cv663WT.csv,high,saw4Hzhigh_s1_c2_5cv663WT_curve_077,77,120,2048,2047.92135981978,-8.3606445311405e-11,-6.95e-07,2.48822469974053e-05,2.48761714884826e-05,-9.159e-05,0.0576194,6.849e-05,0.1059611,0.00016008,6.18847670762458e-10,1.91697984425803e-05,1.73515844660194e-05,3.38725169129805e-05,-4.13552248543689e-06,-2.14871069514563e-05,1.77285007782696e-05,3.12641264028967,6.43502824440638e-06,2.75499968365613,7.9647127861702e-06,6.93930394168175e-06,3.01483696283061e-06,1.0847866088079e-06,5.96861591899304e-10,2.70507416507828e-10,2.60806573609394e-10,7.84162353781713e-11,3.99984640589801,1.77285007782696e-05,21.720180833606,2.55692841894593,3.0037436458401,6.43202507890843,3,3,0.762506825579028,6.43202507890843,1.12141903442302,5.67644682391869,2,1,1,mixed,"severe_feature, multiple_strong_features, strong_group_score","BaselineStd, BandEnergy_10_30, BandEnergy_5_10",0.762506825568195,0.405577662056051,0.762506825579028,6.43202507890843,0.587107677801625,1.12141903442302,0.0437848013567724,1.3968247644832,4.55756826017801,5.67644682391869,0.0131155195214389
mdx5Cv_663WT,saw4Hzhigh_s1_c2_5cv663WT.csv,high,saw4Hzhigh_s1_c2_5cv663WT_curve_085,85,120,2048,2047.92135981978,-2.67998046868019e-11,2.709e-07,3.29876632271579e-05,3.29796086151022e-05,-9.823e-05,0.2944449,6.918e-05,0.1460017,0.00016741,1.08769635034136e-09,2.55193255128698e-05,3.23298058252427e-05,8.44149264059042e-06,-7.82942718446602e-05,-0.000110624077669903,1.46980027649982e-05,-2.54217367485291,7.29520800306035e-06,2.01474759299324,1.3357780161829e-05,6.72900629884464e-06,2.42924096874365e-06,1.18877949649539e-06,1.61214238499699e-09,2.99167008837776e-10,1.44010242685624e-10,8.93528276439934e-11,1.99992320294901,3.08298110737104e-05,20.1499487829494,8.19027437601359,1.99420970606851,5.25332854739471,1,2,0.94497160259965,2.77247262575748,0.66804967061722,5.25332854739471,1,1,1,spectral_energy,"severe_feature","BandEnergy_5_10, Drift",0.944971602538588,0.746309382728927,0.94497160259965,0.126418880684729,2.77247262575748,0.420657675685276,0.66804967061722,0.503368951094436,5.25332854739471,2.19169825641654,0.649972079410181
mdx5Cv_663WT,saw4Hzhigh_s2_c1_5cv663WT.csv,high,saw4Hzhigh_s2_c1_5cv663WT_curve_001,1,160,2048,2047.92135981978,3.48022460956651e-11,-5.216e-06,4.45315622356705e-05,4.45206889447796e-05,-0.0001031,0.6645763,0.0001115,0.0654322,0.0002146,1.9821678564408e-09,3.23308116581325e-05,0.000101026310679612,4.24880675066455e-06,-1.39924077669903e-06,-0.000102425551456311,3.4509729285967e-05,-1.27695391049443,7.20981681938552e-06,4.78649182765859,1.94221335985599e-05,6.6609532317653e-06,3.15223260992698e-06,9.61973795898129e-07,3.27978350432531e-09,3.29927808442549e-10,2.57576854367897e-10,7.219722981762e-11,1.99992320294901,3.53974758536612e-05,16.2037860249377,10.9460053271977,2.38687967268364,5.44180293220026,1,2,0.554491114258155,1.87449556173778,2.43675631591222,5.44180293220026,1,1,1,spectral_energy,"severe_feature","BandEnergy_5_10, BandEnergy_10_30",0.286539058075307,0.554491114258155,0.286539058080517,1.3458342557073,1.87449556173778,2.43675631591222,2.20529202156729,0.035031715463342,5.44180293220026,3.41353702421034,2.19196066187134
mdx5Cv_663WT,saw4Hzhigh_s2_c1_5cv663WT.csv,high,saw4Hzhigh_s2_c1_5cv663WT_curve_016,16,160,2048,2047.92135981978,-2.33007812450589e-11,1.197e-05,5.32058932665193e-05,5.31929019604422e-05,-0.0001882,0.9512084,0.0001097,0.8603846,0.0002979,2.82959347119027e-09,3.9200169125178e-05,4.93092029126214e-06,6.11547929544276e-06,-0.00013331932038835,-0.000138250240679612,2.79555018636255e-05,-1.84876814985705,1.16165739934197e-05,2.40651864129017,2.29803489507421e-05,1.41332759047146e-05,3.48478376162483e-06,1.36423137131381e-06,4.11535980832408e-09,1.05600324944316e-09,3.08032162047609e-10,1.24981253555889e-10,1.99992320294901,3.9966330063533e-05,16.4742308526561,11.9427256052611,6.82646904419078,20.7218292385122,3,5,2.96897672940213,2.60766669252477,1.64155538075942,20.7218292385122,1,1,1,spectral_energy,"severe_feature, multiple_strong_features, high_global_score, strong_group_score","BandEnergy_5_10, BandEnergy_30_80, BandEnergy_10_30, PeakToPeak, Drift",1.12688390164596,2.96897672940213,1.12688390165932,0.936573816425467,2.60766669252477,1.64155538075942,0.230754378787283,0.521303688486245,20.7218292385122,4.58262913214981,6.33730354457186
mdx5Cv_663WT,saw4Hzhigh_s2_c1_5cv663WT.csv,high,saw4Hzhigh_s2_c1_5cv663WT_curve_017,17,160,2048,2047.92135981978,-8.64946289063828e-11,1.0435e-05,4.92767924772044e-05,4.92647605414454e-05,-0.0001468,0.0043947,0.0001127,0.395523,0.0002595,2.4271098286446e-09,4.02610113243098e-05,-0.000111171650485437,1.38493328286315e-05,4.46930097087379e-05,0.000155864660194175,1.04954549800109e-05,1.25253476945365,9.69626892834734e-06,1.08242201792555,2.16831808839519e-05,6.17897619758882e-06,3.83965336920447e-06,1.3868079284794e-06,4.07181151941723e-09,2.10997634217815e-10,3.72636862295228e-10,1.29200972120121e-10,1.99992320294901,4.60976958570089e-05,18.2163979260139,8.5342454572829,3.13440758112908,6.66869511115598,2,4,1.85593654186878,3.41154963928602,0.867778428425036,6.66869511115598,2,1,1,mixed,"severe_feature, multiple_strong_features, strong_group_score","BandEnergy_30_80, BandEnergy_10_30, Drift, BandEnergy_5_10",0.746243645196023,1.85593654186878,0.74624364519921,0.759042430349208,3.41154963928602,0.47680956372429,0.867778428425036,0.495960326943842,2.93895531038314,6.07957462051626,6.66869511115598
mdx5Cv_663WT,saw4Hzhigh_s2_c1_5cv663WT.csv,high,saw4Hzhigh_s2_c1_5cv663WT_curve_023,23,160,2048,2047.92135981978,-2.45126953120145e-10,1.796e-05,7.66851726443575e-05,7.66664483928174e-05,-0.0002974,0.6504156,0.0001023,0.0405289,0.0003997,5.87797001455e-09,5.386814594761e-05,8.08599029126214e-05,8.79038250022634e-06,8.03303883495145e-05,-5.29514563106813e-07,4.11390470054272e-05,-1.01225409233877,1.51479726154823e-05,2.71581207922023,3.3641440267571e-05,1.02620038801438e-05,4.7364643120644e-06,6.8371017810744e-07,1.05932023188167e-08,5.51232110881761e-10,5.47140910149503e-10,3.15155417330713e-11,1.99992320294901,7.840111312512e-05,11.4204624143747,19.2591478364267,5.16085039165091,10.1229808453872,4,7,5.91969264322755,0.350112059279853,3.24106768783231,10.1229808453872,2,1,1,mixed,"severe_feature, multiple_strong_features, high_global_score, strong_group_score, mixed_group_outlier","BandEnergy_10_30, BandEnergy_5_10, PeakToPeak, BandEnergy_0_5, RMSVal, StdVal, Amp4Hz",3.40149058729083,5.91969264322755,3.40149058728656,0.350112059279853,0.210860493301302,3.24106768783231,0.487358755406175,4.29114881625511,10.0990814628045,10.1229808453872,1.00293685093917
mdx5Cv_663WT,saw4Hzhigh_s2_c1_5cv663WT.csv,high,saw4Hzhigh_s2_c1_5cv663WT_curve_083,83,160,2048,2047.92135981978,-1.57592773441437e-10,1.922e-05,5.21265939312092e-05,5.21138661583531e-05,-0.0001198,0.9629276,0.0001064,0.6889913,0.0002262,2.7159593348045e-09,4.4541056526715e-05,3.51389660194175e-05,1.91590409897871e-05,-9.36421359223301e-05,-0.000128781101941748,2.87116985835291e-05,-1.38100820259014,9.6920274319992e-06,2.96240376787181,2.02530436634119e-05,6.79645834857927e-06,1.83891866566113e-06,9.16968301654643e-07,4.93693053415518e-09,3.25726661584179e-10,8.69434283608628e-11,5.65927246825718e-11,1.99992320294901,5.9701090140217e-05,15.7048473911586,36.6642754668387,2.06211978759202,5.35339113517803,1,1,1.02232441138943,2.41387578166034,1.7333020200013,5.35339113517803,1,1,1,spectral_energy,"severe_feature","BandEnergy_5_10",1.02232441138943,0.89072200424219,1.02232441137928,1.92317456513188,2.41387578166034,1.7333020200013,0.691942813087176,0.999424975454115,5.35339113517803,0.540183622224439,0.966475757189134
mdx5Cv_663WT,saw4Hzhigh_s2_c1_5cv663WT.csv,high,saw4Hzhigh_s2_c1_5cv663WT_curve_086,86,160,2048,2047.92135981978,-2.37788085944533e-10,4.5e-05,0.000129659722294093,0.000129628063223568,-0.00041,0.4609552,0.0001489,0.8965188,0.0005589,1.68040800269887e-08,9.85743543530231e-05,-2.98449126213592e-05,1.75068670398536e-05,0.000105568155339806,0.000135413067961165,3.12064883164229e-05,3.0138637669176,2.1108420458378e-05,1.47839050191501,5.73892736871878e-05,1.43015868601924e-05,5.60575348013773e-06,1.05799005328032e-06,3.1422518521763e-08,1.14442853117245e-09,8.8356843525232e-10,7.13930899237148e-11,1.99992320294901,0.00011660553539959,10.5823384735067,34.102881238667,11.1901045132776,22.582711117542,6,7,10.5341717540429,2.99299703411457,2.03598592166824,22.582711117542,2,1,1,mixed,"severe_feature, multiple_strong_features, high_global_score, strong_group_score, mixed_group_outlier","BandEnergy_5_10, BandEnergy_10_30, BandEnergy_0_5, PeakToPeak, StdVal, RMSVal, Drift",8.5335162709099,10.5341717540429,8.53351627096727,1.56094207909073,2.99299703411457,2.03598592166824,0.539264358825476,16.4129773533405,22.582711117542,17.9182908450418,2.12880830345273
mdx5Cv_663WT,saw4Hzhigh_s2_c1_5cv663WT.csv,high,saw4Hzhigh_s2_c1_5cv663WT_curve_116,116,160,2048,2047.92135981978,-2.68435058601414e-10,2.071e-05,0.000146438336574836,0.000146402580662799,-0.0005844,0.2265712,0.0001824,0.5454311,0.0007668,2.14345386794072e-08,9.96076714356605e-05,-6.33086213592233e-07,1.04866861275212e-05,6.89056310679612e-05,6.95387172815534e-05,3.9049524898919e-05,-3.08477331885671,3.01858701067214e-05,1.29363588859864,6.21292013582414e-05,3.13662908188735e-05,8.31484087491797e-06,9.84395513652479e-07,3.56233843750316e-08,5.04861024455593e-09,2.0446205317683e-09,6.94665588845617e-11,0.999961601474503,0.000143732595661227,10.0383479325049,19.2385595312486,35.4615077600799,104.744971285589,6,7,16.5602408943603,1.64484375701045,2.98755345555928,104.744971285589,2,1,1,mixed,"severe_feature, multiple_strong_features, high_global_score, strong_group_score, mixed_group_outlier","BandEnergy_5_10, BandEnergy_10_30, BandEnergy_0_5, PeakToPeak, StdVal, RMSVal, Amp4Hz",10.1589813290196,16.5602408943603,10.1589813290883,0.0217956808345453,1.64484375701045,2.98755345555928,0.692545471721999,18.8577131806941,104.744971285589,44.8208488783803,1.97751002859869
mdx5Cv_663WT,saw4Hzhigh_s2_c1_5cv663WT.csv,high,saw4Hzhigh_s2_c1_5cv663WT_curve_151,151,160,2048,2047.92135981978,-9.34082031256383e-11,1.433e-05,5.64772179530308e-05,5.64634278862555e-05,-9.966e-05,0.9433956,9.253e-05,0.5996324,0.00019219,3.18824111242402e-09,5.20050208907299e-05,5.73527184466019e-05,4.28632782963316e-06,-8.41055339805825e-05,-0.000141458252427184,1.89421978294436e-05,-3.07723160590778,1.10426256347161e-05,1.71537082353963,2.36395826465887e-05,7.93104476479014e-06,2.98446780379602e-06,9.58429023179764e-07,5.69120363236208e-09,3.56609991663796e-10,2.31341142094243e-10,5.85896142581432e-11,1.99992320294901,6.3371828341224e-05,14.9122986147835,20.8594944129939,2.35051060752429,6.00332097634265,1,3,1.44380065549376,2.67332034232714,0.548003488988567,6.00332097634265,1,1,1,spectral_energy,"severe_feature","BandEnergy_5_10, BandEnergy_10_30, Drift",1.44380065548463,0.0950721826851413,1.44380065549376,1.33760791022213,2.67332034232714,0.548003488988567,0.342654343079907,1.43838173608493,6.00332097634265,2.8056334046347,1.12329957249127
mdx5Cv_663WT,saw4Hzlow_s1_c1_5cv663WT.csv,low,saw4Hzlow_s1_c1_5cv663WT_curve_009,9,80,2048,2047.92135981978,1.52167968751946e-10,-4.797e-06,5.23776825492932e-05,5.23648934680028e-05,-0.0001241,0,0.0001111,0.3237429,0.0002352,2.7421873638667e-09,4.25297660099919e-05,-9.01364077669903e-05,1.11680486871769e-05,-5.72502912621359e-05,3.28861165048543e-05,2.5851741663823e-05,2.69899532283586,9.36011201410689e-06,2.76190515928098,2.13582010002617e-05,5.20414429423894e-06,2.61798389325148e-06,1.04790021127852e-06,4.979627019628e-09,1.70351633807738e-10,2.23470200551532e-10,7.89107686266401e-11,1.99992320294901,5.22454388301057e-05,15.8649587458389,17.0314120154436,2.32095159144187,5.75927070418041,1,2,2.13813391033654,0.528394773544335,0.615046194132353,5.75927070418041,1,1,1,spectral_energy,"severe_feature","BandEnergy_10_30, BandEnergy_30_80",1.9514679235887,2.13813391033654,1.95146792359976,0.403793741975261,0.528394773544335,0.417106971471099,0.615046194132353,1.950485096789,0.0322476337045115,5.75927070418041,3.0162504736471
mdx5Cv_663WT,saw4Hzlow_s1_c1_5cv663WT.csv,low,saw4Hzlow_s1_c1_5cv663WT_curve_020,20,80,2048,2047.92135981978,-6.25634765597927e-11,-5.8225e-06,3.7751028330995e-05,3.77418106460526e-05,-6.9e-05,0.5849834,9.324e-05,0.7925109,0.00016224,1.42449896950249e-09,3.1648084150899e-05,3.4021067961165e-05,9.91369689385242e-06,-1.21532468932039e-05,-4.61743148543689e-05,2.14323491265553e-05,-2.79725396374689,8.08184882505708e-06,2.65191165906461,1.4762513030513e-05,7.48488644515427e-06,2.54588681074873e-06,1.08293493858899e-06,2.1726526461289e-09,3.94875192338087e-10,1.74442956605583e-10,8.14516212162259e-11,1.99992320294901,3.11531962920648e-05,18.2707963007482,10.0335287774794,1.94409874589769,3.77017347990629,2,3,0.6254511106417,0.891353072243958,0.697658841322917,3.77017347990629,1,1,1,spectral_energy,"multiple_strong_features","BandEnergy_10_30, BandEnergy_5_10, BandEnergy_30_80",0.6254511106417,0.484346548571656,0.625451110639492,0.132455454302046,0.891353072243958,0.154896158289534,0.697658841322917,0.893323289319825,3.71877069935365,3.77017347990629,3.22389267833021
mdx5Cv_663WT,saw4Hzlow_s1_c1_5cv663WT.csv,low,saw4Hzlow_s1_c1_5cv663WT_curve_042,42,80,2048,2047.92135981978,9.243164062512e-11,1.0885e-05,4.34051841401131e-05,4.33945858775361e-05,-9.144e-05,0.7920226,0.0001017,0.6450443,0.00019314,1.88316239414206e-09,3.743048839861e-05,-7.0331359223301e-05,3.33613285828441e-06,5.53017475728155e-05,0.000125633106796117,3.234136595556e-05,2.50685892566493,7.38144179110583e-06,4.38144293077762,1.77967703454349e-05,9.0141204516293e-06,3.05238572533627e-06,1.30602754298496e-06,2.93027417345854e-09,4.56444963975669e-10,2.24181008701267e-10,1.00983329509017e-10,2.99988480442351,3.70827714834318e-05,18.9878610067048,10.4154005429726,2.83446262763331,5.7881090887975,3,3,0.626325685258709,2.19392248956541,1.25706073763716,5.7881090887975,1,1,1,spectral_energy,"severe_feature, multiple_strong_features, strong_group_score","BandEnergy_10_30, BandEnergy_30_80, BandEnergy_5_10",0.37069616333601,0.626325685258709,0.370696163344956,1.2903869827002,2.19392248956541,1.25706073763716,0.601337521862283,0.125760010774171,4.74739034036809,5.7881090887975,4.82005256094806
mdx5Cv_663WT,saw4Hzlow_s1_c1_5cv663WT.csv,low,saw4Hzlow_s1_c1_5cv663WT_curve_063,63,80,2048,2047.92135981978,-3.85898437503183e-10,-3.423e-06,5.13757460537943e-05,5.1363201617002e-05,-0.0001105,0.2856555,0.0001275,0.1552794,0.000238,2.63827978640245e-09,4.2263070827884e-05,2.27841747572816e-05,8.05352821527674e-06,-3.23999223300971e-05,-5.51840970873786e-05,4.87983095292773e-05,3.0870781354981,9.03027697852381e-06,5.40385523546305,2.15694955482695e-05,1.0623722607835e-05,3.08944330708299e-06,8.8834215336683e-07,4.25435258546801e-09,6.77900850295272e-10,2.63944042239495e-10,5.73839359381972e-11,3.99984640589801,4.87983095292773e-05,14.8868789092196,15.3495816188903,3.75420535003225,8.44715839582669,2,3,2.23877734900078,1.05314853296206,3.38708724039274,8.44715839582669,2,1,1,mixed,"severe_feature, multiple_strong_features, strong_group_score, mixed_group_outlier","BandEnergy_5_10, BandEnergy_10_30, Amp4Hz",1.77494708809136,2.23877734900078,1.77494708788327,0.269931648514098,1.05314853296206,3.38708724039274,1.36923914190454,1.21569338028202,8.44715839582669,7.40134559311345,1.25704609571765
mdx5Cv_663WT,saw4Hzlow_s1_c2_5cv663WT.csv,low,saw4Hzlow_s1_c2_5cv663WT_curve_032,32,80,2048,2047.92135981978,-7.47558593752334e-12,9.979e-06,3.97962544272229e-05,3.97865373584846e-05,-0.0001399,0.2724714,0.0001665,0.273448,0.0003064,1.58302934097061e-09,3.3587506961719e-05,4.66083495145631e-05,1.12817901250494e-05,5.54371805825243e-06,-4.10646314563107e-05,1.18916697480693e-05,2.9859977675495,6.58568000931773e-06,1.8056859323325,1.71119041738904e-05,6.10175919252584e-06,1.91913247012298e-06,1.19118437670794e-06,2.66698274303675e-09,2.03925249249537e-10,9.85872890930709e-11,9.23970928519012e-11,0.999961601474503,3.6791626503385e-05,18.7598488137326,15.0321435985645,1.70063248002782,5.25082729206116,1,1,5.25082729206116,0.930628838835517,1.05983923131939,0.888680184680262,1,1,1,amplitude_shape,"severe_feature","PeakToPeak",0.218874279727369,5.25082729206116,0.218874279727932,0.244967773242139,0.930628838835517,0.743307482974633,1.05983923131939,0.0780308150123551,0.433582032536956,0.748986573919339,0.888680184680262
mdx5Cv_663WT,saw4Hzlow_s1_c2_5cv663WT.csv,low,saw4Hzlow_s1_c2_5cv663WT_curve_042,42,80,2048,2047.92135981978,7.08447265642068e-11,-1.798e-06,4.00373997914939e-05,4.00276238422492e-05,-7.016e-05,0.3994294,0.0001251,0.9985735,0.00019526,1.60227219534635e-09,3.4110855182519e-05,-6.10532038834951e-05,3.56186479403208e-06,7.20850485436893e-05,0.000133138252427184,1.58345543991059e-05,2.27954741026768,7.83462587917806e-06,2.02109898326355,1.57137973765416e-05,9.63804570072288e-06,3.30028561515552e-06,1.57283941853244e-06,2.1204214180749e-09,5.72631183842346e-10,2.73229787100586e-10,1.61779334198215e-10,2.99988480442351,3.33405128459941e-05,20.9088048030532,6.19079254992299,3.08105052518998,6.42080140824439,3,4,0.623487600195186,3.19366391074658,0.857245070072551,6.42080140824439,1,1,1,spectral_energy,"severe_feature, multiple_strong_features, strong_group_score","BandEnergy_5_10, BandEnergy_10_30, BandEnergy_30_80, Drift",0.260394050930235,0.623487600195186,0.260394050920044,1.36807050883532,3.19366391074658,0.0369814549756991,0.857245070072551,0.580291380732948,6.42080140824439,5.67571873169382,4.16085256327408
mdx5Cv_663WT,saw4Hzlow_s1_c2_5cv663WT.csv,low,saw4Hzlow_s1_c2_5cv663WT_curve_043,43,80,2048,2047.92135981978,3.62890624945514e-11,-1.696e-05,6.39589407025704e-05,6.39433238202327e-05,-0.000103,0.7651661,0.0001556,0.0283214,0.0002586,4.08890566912773e-09,5.05145535906241e-05,0.000136992233009709,6.94583652015954e-06,9.46404854368932e-05,-4.23517475728156e-05,4.91543499255419e-06,2.86968856437803,9.95044361745133e-06,0.493991542630691,2.49295590286054e-05,5.72774598319956e-06,1.93829897641586e-06,1.26874686064382e-06,7.73805306337389e-09,1.89682078288276e-10,1.11754067113209e-10,1.03229326658765e-10,1.99992320294901,6.32514511128903e-05,16.3645317830565,36.8759968593421,3.03165933342254,6.18603369702419,3,4,4.37914171250304,0.961101604548865,2.29347676416731,6.18603369702419,2,1,1,mixed,"severe_feature, multiple_strong_features, strong_group_score","BandEnergy_0_5, RMSVal, StdVal, PeakToPeak",4.37914171250304,3.26066319928454,4.37914171249425,0.661007201139827,0.961101604548865,1.99302605740862,2.29347676416731,6.18603369702419,0.202294762249448,1.1204264549688,1.39954486090729
mdx5Cv_663WT,saw4Hzlow_s1_c2_5cv663WT.csv,low,saw4Hzlow_s1_c2_5cv663WT_curve_059,59,80,2048,2047.92135981978,-8.37167968766835e-11,-1.3095e-05,4.73098848009896e-05,4.72983331259309e-05,-0.0001052,0.2719831,0.0001113,0.1425836,0.0002165,2.23721822237248e-09,3.96014604560484e-05,-9.44041904854369e-06,2.74965407191368e-05,7.29035922330097e-05,8.23440112815534e-05,1.78385683391008e-05,2.22595125667892,7.53461367448608e-06,2.36754916831112,1.96087481992306e-05,7.2677128672354e-06,3.0690425162147e-06,1.20274001406683e-06,3.73042128176624e-09,3.25013122723244e-10,2.972400461417e-10,8.68798993007583e-11,0.999961601474503,4.86435063273777e-05,17.6815418082244,10.557723201623,2.57188321746536,6.35305739029032,2,2,1.51255129022107,3.63295565150761,0.531411587142165,6.35305739029032,2,1,1,mixed,"severe_feature, multiple_strong_features, strong_group_score","BandEnergy_10_30, BaselineStd",1.51255129022107,1.50781992928672,1.5125512902066,3.63295565150761,1.9910987418625,0.322016418806623,0.531411587142165,1.35892128765134,2.3998635436432,6.35305739029032,0.628480917618606
mdx5Cv_701,saw4Hzhigh_s1_c1_5cv701.csv,high,saw4Hzhigh_s1_c1_5cv701_curve_023,23,160,2048,2047.92135981978,-1.70463867193436e-10,1.2235e-05,8.98719987456862e-05,8.98500546608558e-05,-0.0002223,0.952185,0.0001778,0.3095822,0.0004001,8.07334232699995e-09,7.2608088341383e-05,7.86010679611651e-05,1.29499921956689e-05,-0.000176203883495146,-0.000254804951456311,3.51017109674464e-05,-1.91730996236921,1.69749408634762e-05,2.06785468351841,3.9825904652974e-05,1.11816205129963e-05,4.89855899997008e-06,1.79673786339158e-06,1.41451710368436e-08,9.27248703436074e-10,5.85822103457235e-10,2.1081277701687e-10,1.99992320294901,9.3445062827008e-05,16.1117542870384,18.9201049421818,2.10727393851485,4.03854814764354,2,3,1.43310233144819,2.95322383054315,0.91093429707552,4.03854814764354,1,1,1,spectral_energy,"multiple_strong_features","BandEnergy_10_30, BandEnergy_30_80, Drift",1.43310233144028,0.756377816537652,1.43310233144819,0.414642012520603,2.95322383054315,0.91093429707552,0.0924720491053025,1.38663163510148,1.54675264989198,4.03854814764354,3.71619327103882
mdx5Cv_701,saw4Hzhigh_s1_c1_5cv701.csv,high,saw4Hzhigh_s1_c1_5cv701_curve_044,44,160,2048,2047.92135981978,-1.87988281222056e-11,3.1355e-06,6.52319748967397e-05,6.52160471770821e-05,-0.0001547,0.0092777,0.0001974,0.3090939,0.0003521,4.25329612970327e-09,5.37449147508699e-05,-0.000127655242718447,2.37797344039597e-05,7.83807766990291e-05,0.000206036019417476,1.33038519093117e-05,-0.0174732401034872,1.14166144277949e-05,1.16530622919728,2.82880923949798e-05,1.14369486309702e-05,4.59887296866184e-06,1.85114370047061e-06,6.68536601303282e-09,8.17726880136702e-10,5.58300288564862e-10,2.15073583376129e-10,2.99988480442351,5.02953269680403e-05,18.7076643197267,9.70176393484065,1.86728294382953,3.91068057655655,2,2,0.40679658226466,2.3574245190918,0.814310370992956,3.91068057655655,1,1,1,spectral_energy,"multiple_strong_features","BandEnergy_30_80, BandEnergy_10_30",0.40679658226466,0.277985009496743,0.406796582221245,0.537022026651397,2.3574245190918,0.814310370992956,0.730678496067764,0.598947104255775,1.14400014773883,3.73392915338567,3.91068057655655
mdx5Cv_701,saw4Hzhigh_s1_c2_5cv701.csv,high,saw4Hzhigh_s1_c2_5cv701_curve_021,21,160,2048,2047.92135981978,-3.07470703126346e-10,-2.8945e-06,8.58480043566665e-05,8.58270428126838e-05,-0.0002135,0.4409349,0.0001799,0.3193482,0.0003934,7.36656414317134e-09,7.027990494355e-05,-0.000161205825242718,2.21520229910636e-05,7.5852427184466e-05,0.000237058252427184,4.16081190174876e-05,-1.82382276584878,1.91117820564477e-05,2.17709258582546,3.57931739861639e-05,1.73578901924657e-05,4.83271875326222e-06,1.89634857905718e-06,1.19370735773134e-08,1.62463809238033e-09,7.18049086794061e-10,2.14905555335909e-10,1.99992320294901,7.98300079006133e-05,16.3749598819723,14.5362998687963,2.50031684262884,6.22895311323674,2,3,0.396056147881991,2.19895006226491,0.902467040842049,6.22895311323674,1,1,1,spectral_energy,"severe_feature, multiple_strong_features, strong_group_score","BandEnergy_10_30, BandEnergy_30_80, BandEnergy_5_10",0.396056147881991,0.201701782140131,0.396056147852614,0.0185557397488309,2.19895006226491,0.902467040842049,0.0854239652738207,0.0701413852626359,3.24103288924676,6.22895311323674,3.6669445455247
mdx5Cv_701,saw4Hzhigh_s1_c2_5cv701.csv,high,saw4Hzhigh_s1_c2_5cv701_curve_023,23,160,2048,2047.92135981978,2.61865234376782e-10,9.893e-06,8.72496960496057e-05,8.72283922537956e-05,-0.0002295,0.5390832,0.0001665,0.6645763,0.000396,7.60908459281077e-09,7.201397221277e-05,0.000102511747572816,2.7712313198259e-05,-0.000121283398058252,-0.000223795145631068,7.94037975919907e-06,-2.35897836444854,1.69409034327245e-05,0.468710526013427,3.63909139970383e-05,1.25594069235783e-05,4.58361610143e-06,1.78023580617401e-06,1.29374746118317e-08,1.25397226342766e-09,5.40719710878337e-10,2.19367691734133e-10,1.99992320294901,8.54342935453512e-05,16.0491031187366,18.6708037532673,1.97909990848416,4.01131599232552,2,2,0.482515042433927,2.03067335774386,1.24177388008975,4.01131599232552,1,1,1,spectral_energy,"multiple_strong_features","BandEnergy_10_30, BandEnergy_30_80",0.482515042433927,0.243655752825277,0.482515042414746,0.538071151780241,2.03067335774386,1.2070659609012,1.24177388008975,0.262467991713888,2.03026304159631,4.01131599232552,3.85571165398356
mdx5Cv_701,saw4Hzhigh_s1_c2_5cv701.csv,high,saw4Hzhigh_s1_c2_5cv701_curve_101,101,160,2048,2047.92135981978,-3.249755859406e-10,2.7085e-06,8.62166141860918e-05,8.61955626385488e-05,-0.0002541,0.722684,0.0001856,0.9111678,0.0004397,7.42996031809671e-09,6.94796834691551e-05,-8.696e-05,2.26931326746273e-05,8.53480582524272e-05,0.000172308058252427,4.45890021309849e-05,2.74235624282373,1.55101533339772e-05,2.87482664872616,3.63852853720284e-05,9.51968645705143e-06,4.78277077794654e-06,1.77022145002838e-06,1.32511456882062e-08,5.01539909263694e-10,6.35550899123204e-10,2.04720264111933e-10,1.99992320294901,8.06070278309412e-05,16.4036064521615,16.3669569598534,1.98130970050138,5.19725127341444,1,2,0.948805183187173,1.60468529415085,1.08924142607831,5.19725127341444,1,1,1,spectral_energy,"severe_feature","BandEnergy_10_30, BandEnergy_30_80",0.41879267299844,0.948805183187173,0.418792672965366,0.0691133203310459,1.60468529415085,1.08924142607831,0.627475516096398,0.322771101746223,0.427536776079077,5.19725127341444,3.23606395345527
mdx5Cv_701,saw4Hzlow_s1_c1_5cv701.csv,low,saw4Hzlow_s1_c1_5cv701_curve_020,20,40,2048,2047.92135981978,-1.19677734372599e-10,-1.461e-05,5.3689944133326e-05,5.36768346364667e-05,-0.0001269,0.5376183,0.0001696,0.3574356,0.0002965,2.88131321476953e-09,4.246892649611e-05,-5.48409466019417e-05,3.65842959205117e-05,0.000123822330097087,0.000178663276699029,1.41611452969859e-05,2.72879371394008,1.48148303870822e-05,0.955876302783827,1.76016645558598e-05,1.62747055461365e-05,5.32655556302215e-06,1.95734288525169e-06,2.61821402350424e-09,1.7580522874412e-09,9.14151674067608e-10,2.32181384404915e-10,1.99992320294901,3.53586135611516e-05,20.7562341645264,3.81762126715124,2.39477925960158,5.29605575008928,1,3,1.33712944490488,3.14319221818527,1.90244775758313,5.29605575008928,1,1,1,spectral_energy,"severe_feature","BandEnergy_30_80, Drift, BandEnergy_10_30",1.24298285741234,1.33712944490488,1.24298285755771,0.830696257249787,3.14319221818527,1.90244775758313,1.89760891244622,1.66933188974401,1.73116564648731,2.56611889728755,5.29605575008928
mdx5Cv_702WT,saw4Hzhigh_s1_c1_5cv702WT.csv,high,saw4Hzhigh_s1_c1_5cv702WT_curve_004,4,200,2048,2047.92135981978,-2.99086914062477e-10,1.653e-05,6.95021817409431e-05,6.94852113636654e-05,-0.0002267,0.2910268,0.0001858,0.058596,0.0004125,4.82838000092583e-09,5.25791210945111e-05,1.7055872815534e-05,2.2398134584591e-05,2.76997466019417e-05,1.06438737864078e-05,2.57312941255097e-05,2.85951337447662,1.76707721481173e-05,1.45614995821945,2.66347050740273e-05,1.79888766780278e-05,6.25116171385915e-06,1.28461158167453e-06,5.86564596082003e-09,2.50416299336822e-09,1.03802899227299e-09,1.12056538616905e-10,1.99992320294901,5.59964098375338e-05,15.598531533849,7.27755207194967,1.93524847928827,4.40414422982692,2,2,2.39818936702789,0.18685959935826,0.72430049865786,4.40414422982692,1,1,1,spectral_energy,"multiple_strong_features","BandEnergy_10_30, BandEnergy_5_10",0.811408086389005,2.39818936702789,0.811408086345855,0.18685959935826,0.11695183661372,0.374227497392379,0.72430049865786,0.518243789026471,3.65509925085112,4.40414422982692,0.625227804418114
mdx5Cv_702WT,saw4Hzhigh_s1_c1_5cv702WT.csv,high,saw4Hzhigh_s1_c1_5cv702WT_curve_038,38,200,2048,2047.92135981978,-1.60356445313031e-10,2.636e-05,6.94272041776321e-05,6.94102521072001e-05,-0.0002426,0.0014649,0.0001404,0.6850849,0.000383,4.81796810045603e-09,5.6782274930827e-05,-0.000107579261165049,7.03539613719744e-05,3.2738786407767e-05,0.000140318047572816,2.70077786638281e-05,2.56800054725151,1.55621074885722e-05,1.73548336452986,2.72921941219334e-05,1.60697643956987e-05,6.08035767529594e-06,1.92374597069413e-06,6.69011782932888e-09,1.55558997928602e-09,9.31016077738375e-10,2.29523731651497e-10,2.99988480442351,5.08689201858423e-05,18.177694271382,7.10506107955867,2.40676742686083,4.98421468822432,3,3,1.68501813388956,3.96994156891506,0.503696924844443,4.98421468822432,2,1,1,mixed,"multiple_strong_features","BandEnergy_30_80, BaselineStd, BandEnergy_10_30",0.800693184379593,1.68501813388956,0.800693184401773,3.96994156891506,1.09068252170055,0.503696924844443,0.460884668352812,0.00987350750854181,1.69184135061572,3.80464824404403,4.98421468822432
mdx5Cv_702WT,saw4Hzhigh_s1_c1_5cv702WT.csv,high,saw4Hzhigh_s1_c1_5cv702WT_curve_043,43,200,2048,2047.92135981978,1.20263671874837e-10,2.3505e-05,7.56767303125907e-05,7.56582522925566e-05,-0.0002397,0.5830302,0.0001749,0.0947302,0.0004146,5.72439094813592e-09,6.119663145221e-05,3.16777634951456e-05,2.52828643209889e-05,-0.000105126796116505,-0.00013680455961165,2.87868966808131e-05,-2.1372638794903,1.46110716500598e-05,1.97021117751193,3.02215256749022e-05,1.67369111440144e-05,7.02445065575328e-06,1.53702903917168e-06,8.30202342309587e-09,1.54312784555844e-09,1.2867713838931e-09,1.42758912783775e-10,2.99988480442351,6.86821211578239e-05,16.6265711379639,6.88698222228895,2.21567491434531,5.79762151169328,1,1,2.44895748870893,0.990246766433934,0.684146733764293,5.79762151169328,1,1,1,spectral_energy,"severe_feature","BandEnergy_10_30",1.69380115926817,2.44895748870893,1.69380115932097,0.414426712343211,0.990246766433934,0.684146733764293,0.239532619669991,1.04238323520794,1.66604852061608,5.79762151169328,1.76453523858559
mdx5Cv_702WT,saw4Hzhigh_s1_c1_5cv702WT.csv,high,saw4Hzhigh_s1_c1_5cv702WT_curve_066,66,200,2048,2047.92135981978,7.28173828154036e-11,1.9015e-05,7.37739953065758e-05,7.37559818781155e-05,-0.0003,0.2631937,0.0001638,0.8071599,0.0004638,5.44015375668764e-09,5.7213342576939e-05,8.71114563106796e-05,2.45404253685655e-05,-0.000116966699029126,-0.000204078155339806,2.84664489416714e-05,-2.2714514860191,1.60783613336882e-05,1.77048197577411,2.42654762434292e-05,2.12800292498795e-05,5.94051472223061e-06,1.65195404533646e-06,6.78346097258078e-09,2.73806361128548e-09,9.70708219262521e-10,1.83096571277282e-10,2.99988480442351,7.11712802822318e-05,17.5369104462358,8.25228221407966,2.41667016583694,4.13920245553728,3,4,3.63838205380744,1.49540799124752,0.651644823972546,4.13920245553728,2,1,1,mixed,"multiple_strong_features","BandEnergy_5_10, BandEnergy_10_30, PeakToPeak, BandEnergy_30_80",1.42188489372232,3.63838205380744,1.42188489377821,0.355858075275139,1.49540799124752,0.651644823972546,0.427880423131304,0.0696646663669168,4.13920245553728,4.0270071958989,3.26138997525127
mdx5Cv_702WT,saw4Hzhigh_s1_c1_5cv702WT.csv,high,saw4Hzhigh_s1_c1_5cv702WT_curve_102,102,200,2048,2047.92135981978,-1.45019531119855e-12,1.272e-05,7.97057009641264e-05,7.96862391884819e-05,-0.0002338,0.3149535,0.0001927,0.3921049,0.0004265,6.35014055203785e-09,6.0576528603089e-05,4.26872601941748e-05,6.9643820211809e-05,-3.69173844660194e-05,-7.96046446601942e-05,1.45507943934842e-05,-2.09886382959858,1.64047973292454e-05,0.886984099910037,2.95980750856883e-05,2.18346596383526e-05,4.07423663248758e-06,1.11120548863337e-06,8.50316504047671e-09,3.52405168152978e-09,4.54291686156817e-10,7.52304313701549e-11,2.99988480442351,7.43375604535238e-05,13.7514900951904,22.713332041359,2.55921417947781,5.76595892603517,2,3,2.73664351156812,3.91392080149564,1.26103292578923,5.76595892603517,2,1,1,mixed,"severe_feature, multiple_strong_features, strong_group_score","BandEnergy_5_10, BaselineStd, PeakToPeak",2.26957374453936,2.73664351156812,2.26957374461727,3.91392080149564,0.56072937876713,0.759772058011733,1.26103292578923,1.17122494739877,5.76595892603517,1.13399526425353,0.741319861558314
mdx5Cv_702WT,saw4Hzhigh_s1_c1_5cv702WT.csv,high,saw4Hzhigh_s1_c1_5cv702WT_curve_117,117,200,2048,2047.92135981978,7.03613281273612e-11,1.584e-05,7.06364045026141e-05,7.06191571810631e-05,-0.0002834,0.0214852,0.0001799,0.5825419,0.0004633,4.98725686427356e-09,5.554558106177e-05,-0.000179949514563107,6.89811369837143e-05,5.19036893203883e-05,0.000231853203883495,2.98844185526596e-05,2.69799424345813,1.63286744571173e-05,1.83018031443619,2.88284996026041e-05,2.00358167927471e-05,5.75917885792458e-06,1.22657714328179e-06,6.61983088591396e-09,2.10440865318075e-09,9.96194999364585e-10,9.54784474774588e-11,2.99988480442351,5.04877465855181e-05,15.0163636019122,7.99161854658653,2.32133229485718,4.16978643360275,3,4,3.62629440578814,3.86164383872222,0.7954645947321,4.16978643360275,3,1,1,mixed,"multiple_strong_features","BandEnergy_10_30, BaselineStd, PeakToPeak, BandEnergy_5_10",0.973497718681749,3.62629440578814,0.973497718728831,3.86164383872222,1.7780251733741,0.7954645947321,0.371583943400453,0.0351489510565177,2.82772923834259,4.16978643360275,0.0100459824254031
mdx5Cv_702WT,saw4Hzhigh_s1_c1_5cv702WT.csv,high,saw4Hzhigh_s1_c1_5cv702WT_curve_126,126,200,2048,2047.92135981978,-1.13002929691415e-10,1.1455e-05,6.88542748919443e-05,6.88374627138125e-05,-0.000171,0.9902724,0.0001869,0.7759087,0.0003579,4.73877823497241e-09,5.8826898158141e-05,4.77107766990291e-05,2.09829291815486e-05,-0.000113747669902913,-0.000161458446601942,3.39814325255999e-05,-1.83083738753842,1.3794239673763e-05,2.46345092797586,2.58389668461279e-05,1.49519404372149e-05,6.78125606011063e-06,1.67414113099081e-06,6.31639014202453e-09,1.53458619201733e-09,1.24630338404695e-09,1.68703571089208e-10,2.99988480442351,6.22568936683524e-05,17.986511662224,5.54836502644742,2.05257242361369,5.57091613163766,1,2,1.07821820332101,1.17537419441857,1.21101060208011,5.57091613163766,1,1,1,spectral_energy,"severe_feature","BandEnergy_10_30, BandEnergy_30_80",0.718816942383793,1.07821820332101,0.718816942417561,0.0752185663049499,1.17537419441857,1.21101060208011,0.225600284138618,0.229518597180761,1.64836989330253,5.57091613163766,2.72729277400156
mdx5Cv_702WT,saw4Hzhigh_s1_c1_5cv702WT.csv,high,saw4Hzhigh_s1_c1_5cv702WT_curve_157,157,200,2048,2047.92135981978,1.3831542968541e-10,1.886e-05,7.89238792591574e-05,7.89046083813796e-05,-0.0002349,0.3379036,0.000159,0.405289,0.0003939,6.22617629980827e-09,5.9738660443859e-05,-6.39368834951456e-05,0.000119187125111232,-1.04179187378641e-05,5.35189647572816e-05,8.23267565083016e-06,-1.50302712384017,1.79002995083818e-05,0.45991831851043,2.36984425989147e-05,2.20366122000013e-05,6.50266171104095e-06,1.24932246609752e-06,6.94224115309118e-09,4.05937326875286e-09,1.19220840900905e-09,1.04174106631064e-10,2.99988480442351,7.45567796587079e-05,15.1069013563724,8.48639379562584,3.74603207793968,7.82223384775454,3,3,2.15784508158043,7.82223384775454,1.66376272774224,6.87391194565501,2,1,1,mixed,"severe_feature, multiple_strong_features, strong_group_score, mixed_group_outlier","BaselineStd, BandEnergy_5_10, BandEnergy_10_30",2.15784508152208,1.94852886071016,2.15784508158043,7.82223384775454,0.438903313034886,1.40059706734806,1.66376272774224,0.171371665571334,6.87391194565501,5.26787120918807,0.33272555973898
mdx5Cv_702WT,saw4Hzhigh_s1_c1_5cv702WT.csv,high,saw4Hzhigh_s1_c1_5cv702WT_curve_161,161,200,2048,2047.92135981978,1.72264648438332e-10,2.5905e-05,6.72812032666154e-05,6.7264775186194e-05,-0.0002172,0.9956437,0.0001473,0.8613612,0.0003645,4.52472372356848e-09,5.64132486084166e-05,3.85698058252427e-05,6.88326786000042e-06,-0.000128547572815534,-0.000167117378640777,1.90136568400116e-05,-2.85076950337942,9.78810112970285e-06,1.94252762488136,2.32808083337631e-05,1.23649316708785e-05,4.48025931965312e-06,2.0237971042847e-06,6.85708931747623e-09,1.24851853879913e-09,4.91990890317358e-10,2.41872020347478e-10,2.99988480442351,7.63960450702495e-05,20.2868847690486,11.0451220329726,1.84151180452028,5.4424364867769,1,1,1.23777515717569,1.21786743428382,0.307119300846027,5.4424364867769,1,1,1,spectral_energy,"severe_feature","BandEnergy_30_80",0.494012247880772,1.23777515717569,0.494012247891765,1.03705867080525,1.21786743428382,0.307119300846027,0.265638648656268,0.11682746711215,1.05629677732227,1.34518960149536,5.4424364867769
mdx5Cv_702WT,saw4Hzhigh_s1_c1_5cv702WT.csv,high,saw4Hzhigh_s1_c1_5cv702WT_curve_162,162,200,2048,2047.92135981978,-8.49267578105928e-11,1.809e-05,5.71902585555325e-05,5.71762943853092e-05,-0.0002171,0.0004883,0.0001301,0.6289304,0.0003472,3.2692541741753e-09,4.64711070733571e-05,-6.98547669902913e-05,7.50414694914443e-05,1.74020167961165e-05,8.72567837864078e-05,2.76322126144991e-05,-2.65248455648774,1.08467312511391e-05,2.54751518906044,2.37459254545098e-05,1.00213272699876e-05,5.24185406447557e-06,1.87708137599327e-06,4.80698612649172e-09,6.29298990840532e-10,6.79049397874111e-10,2.08081066775499e-10,2.99988480442351,5.09702806210222e-05,19.5489646960061,6.12794168758823,2.0659335169534,4.3397241091586,2,2,0.948065599507521,4.3397241091586,0.567031108415132,4.18851767245582,2,1,1,mixed,"multiple_strong_features","BaselineStd, BandEnergy_30_80",0.948065599507521,0.819542535708121,0.948065599502741,4.3397241091586,0.692242499068009,0.567031108415132,0.304874214976548,1.19637071004181,0.225299527297639,2.39310820902509,4.18851767245582
mdx5Cv_702WT,saw4Hzhigh_s1_c2_5cv702WT.csv,high,saw4Hzhigh_s1_c2_5cv702WT_curve_004,4,200,2048,2047.92135981978,-1.77956054688294e-10,8.384e-06,6.01040888298807e-05,6.00894131886533e-05,-0.0002141,0.2905385,0.0001353,0.0610375,0.0003494,3.61087622967967e-09,4.42428398920422e-05,9.68577961165048e-06,2.20823087038611e-05,2.59438947572816e-05,1.62581151456311e-05,2.4191032151558e-05,2.63412056942703,1.6624774582278e-05,1.45511940817667,1.95338114440838e-05,1.71227928335656e-05,6.7589718125052e-06,1.54361478561242e-06,3.21445335792998e-09,2.41760617176394e-09,1.11227353378265e-09,1.52882773660009e-10,6.99973121032152,4.34066873905319e-05,18.5146993257829,4.45167012810378,2.23501659954903,5.46808152108237,2,2,1.15839803796219,0.241372755693451,0.703461423329497,5.46808152108237,1,1,1,spectral_energy,"severe_feature, multiple_strong_features","BandEnergy_10_30, BandEnergy_5_10",1.15839803760688,0.915154129055099,1.15839803796219,0.112568154812535,0.241372755693451,0.309540650960735,0.703461423329497,0.814189719936763,4.48151664311124,5.46808152108237,0.344375472310322
mdx5Cv_702WT,saw4Hzhigh_s1_c2_5cv702WT.csv,high,saw4Hzhigh_s1_c2_5cv702WT_curve_037,37,200,2048,2047.92135981978,1.05019531252582e-10,1.908e-05,5.48492377013726e-05,5.48358451392661e-05,-0.0002097,0.996132,8.039e-05,0.1157271,0.00029009,3.0070853797822e-09,4.3489385621642e-05,2.62304854368932e-05,6.33158521467319e-06,-9.25800776699029e-05,-0.000118810563106796,1.91442906537825e-05,-2.01369102884095,1.02493920524482e-05,1.86784645912681,2.21944480561752e-05,1.18500605167673e-05,4.85835710262631e-06,2.08367474774292e-06,4.07515640864237e-09,7.34701229360051e-10,5.5730549650623e-10,2.77801634787074e-10,2.99988480442351,3.94816277123107e-05,21.1265831440396,5.75956805885794,1.75012273620064,5.27085104307885,1,1,0.336928717409904,1.2017828035778,0.346172672352325,5.27085104307885,1,1,1,spectral_energy,"severe_feature","BandEnergy_30_80",0.333261232447421,0.336928717409904,0.333261232549766,0.893363710371727,1.2017828035778,0.135598501321354,0.346172672352325,0.0548044442058933,0.259261837879985,1.7674513871681,5.27085104307885
mdx5Cv_702WT,saw4Hzhigh_s1_c2_5cv702WT.csv,high,saw4Hzhigh_s1_c2_5cv702WT_curve_038,38,200,2048,2047.92135981978,9.1429199220705e-11,1.599e-05,5.898368303235e-05,5.89692809609005e-05,-0.0002999,0.2910268,0.0001069,0.0854525,0.0004068,3.47750962828775e-09,4.65957887667119e-05,-7.76901611650485e-05,6.99409862817922e-05,9.65823433980583e-06,8.73483955048544e-05,2.50181902933568e-05,2.77474626787181,1.56031513680529e-05,1.60340624165352,2.05035062522798e-05,1.66786779595914e-05,7.00585582745895e-06,2.02149795894038e-06,3.59187986074191e-09,1.54054376011571e-09,1.1971766058178e-09,2.46808592571987e-10,4.99980800737252,3.5665959242167e-05,20.1529900450988,3.55434587373717,2.60795136071804,6.0342310030906,2,3,2.12691530570476,3.16909878556533,0.575092765648021,6.0342310030906,1,1,1,spectral_energy,"severe_feature, multiple_strong_features, strong_group_score","BandEnergy_10_30, BandEnergy_30_80, BaselineStd",0.982467637719527,2.12691530570476,0.982467638045702,3.16909878556533,1.00094436502562,0.382498711960261,0.575092765648021,0.433127484750221,2.28104715207762,6.0342310030906,3.87768310295722
mdx5Cv_702WT,saw4Hzhigh_s1_c2_5cv702WT.csv,high,saw4Hzhigh_s1_c2_5cv702WT_curve_061,61,200,2048,2047.92135981978,2.39506835938882e-10,6.2225e-06,6.92788059964067e-05,6.9261890160652e-05,-0.000208,0.5952377,0.0001481,0.053713,0.0003561,4.79739364146828e-09,5.7783857481917e-05,-2.09694466019417e-06,8.0578559785684e-05,-5.55263786407767e-05,-5.34294339805825e-05,2.81389018575478e-05,-2.33572952163898,1.1272771373986e-05,2.49618314108004,2.77527808251299e-05,1.27158534333165e-05,6.1638210922012e-06,1.74803582696009e-06,7.14162290962463e-09,1.02993971414464e-09,9.08443905891083e-10,1.90717598931e-10,2.99988480442351,6.465006000244e-05,18.5494526187856,7.43435876999051,2.33184634284339,4.10890763629095,2,5,2.59904718828343,3.84847546074791,0.657755707154725,4.10890763629095,2,1,1,mixed,"multiple_strong_features","BandEnergy_10_30, BaselineStd, BandEnergy_0_5, StdVal, RMSVal",2.59904718746542,1.0565966357372,2.59904718828343,3.84847546074791,0.503211223617655,0.657755707154725,0.197764604769187,3.15081007784106,0.999988232854083,4.10890763629095,1.35633739162368
mdx5Cv_702WT,saw4Hzhigh_s1_c2_5cv702WT.csv,high,saw4Hzhigh_s1_c2_5cv702WT_curve_066,66,200,2048,2047.92135981978,1.51840820311892e-10,8.0255e-06,6.58928729269573e-05,6.58767838357126e-05,-0.0002813,0.9902724,0.0001296,0.0434587,0.0004109,4.33991729496211e-09,4.7109844685877e-05,8.3642e-05,4.07259798288465e-05,-0.000103664077669903,-0.000187306077669903,2.84368540512654e-05,-2.44250795967991,1.48081873667218e-05,1.92034672081099,1.93067649324727e-05,2.05439297458042e-05,5.86789486277762e-06,2.01595195825758e-06,4.47953792479357e-09,2.62572152885793e-09,8.79354065012858e-10,2.74315166209268e-10,2.99988480442351,5.66940602037099e-05,19.2313346769413,6.15883469353569,2.79895028924288,5.11413082784047,3,3,2.21346967546545,1.93363036369203,0.684036067856874,5.11413082784047,1,1,1,spectral_energy,"severe_feature, multiple_strong_features, strong_group_score","BandEnergy_30_80, BandEnergy_5_10, BandEnergy_10_30",2.06737503782773,2.21346967546545,2.06737503850381,1.30326030819282,1.93363036369203,0.684036067856874,0.300724347896893,0.46308134915203,5.00365906743459,3.91493116464937,5.11413082784047
mdx5Cv_702WT,saw4Hzhigh_s1_c2_5cv702WT.csv,high,saw4Hzhigh_s1_c2_5cv702WT_curve_102,102,200,2048,2047.92135981978,8.28056640595259e-11,1.244e-05,6.6916985210876e-05,6.69006460615662e-05,-0.000223,0.3164184,0.0001447,0.3945464,0.0003677,4.47586831019838e-09,5.02154559211442e-05,2.21135116504854e-05,5.68296375088864e-05,-2.97247883495146e-05,-5.18383e-05,6.50055876108817e-06,-2.59472767536279,1.46834230138242e-05,0.442714124279447,2.1932776550843e-05,2.17657050207242e-05,3.49073732635712e-06,1.56666110357103e-06,5.11233021655501e-09,3.05590904817994e-09,3.27231688202799e-10,1.56565146439149e-10,2.99988480442351,6.02580525287865e-05,17.5550302022734,16.883606776523,2.3288810622812,6.08296026552445,1,1,2.22818506293093,2.33173258233891,1.57987846101484,6.08296026552445,1,1,1,spectral_energy,"severe_feature","BandEnergy_5_10",2.22818506218115,1.30148216969428,2.22818506293093,2.33173258233891,0.486210584540314,1.25081712285701,1.57987846101484,1.10196930034497,6.08296026552445,0.233276424208904,0.178849169217135
mdx5Cv_702WT,saw4Hzhigh_s1_c2_5cv702WT.csv,high,saw4Hzhigh_s1_c2_5cv702WT_curve_105,105,200,2048,2047.92135981978,1.29667968749277e-10,1.6575e-05,6.78011114896932e-05,6.77845564629584e-05,-0.0003214,0.2695416,0.0001095,0.3413217,0.0004309,4.59492253313004e-09,4.65509965032981e-05,4.56434048543689e-05,2.5914820377614e-05,-2.0619316407767e-05,-6.62627212621359e-05,2.62377413162016e-05,-2.71038371560756,1.65066177405953e-05,1.58952861986507,2.55299352316216e-05,2.1901613401447e-05,5.28333549418691e-06,1.59010941622543e-06,5.03149267690478e-09,3.01953182139123e-09,6.64512893697815e-10,1.52055872501344e-10,2.99988480442351,4.44058305720765e-05,17.0477186502209,9.85957661166113,2.3841134907319,5.99169312574755,1,2,2.63568611332247,0.640329837079515,0.587106318294775,5.99169312574755,1,1,1,spectral_energy,"severe_feature","BandEnergy_5_10, PeakToPeak",2.36701394910059,2.63568611332247,2.36701394988582,0.357334410722312,0.640329837079515,0.490067112028538,0.587106318294775,1.02035305634356,5.99169312574755,2.48233025942303,0.381545498276366
mdx5Cv_702WT,saw4Hzhigh_s1_c2_5cv702WT.csv,high,saw4Hzhigh_s1_c2_5cv702WT_curve_108,108,200,2048,2047.92135981978,-1.32939453125952e-10,1.123e-05,6.01191343321074e-05,6.01044550170967e-05,-0.0002329,0.7119414,0.0001251,0.9390009,0.000358,3.6126842346499e-09,4.6778412608788e-05,2.17986504854369e-05,2.26132053605977e-05,3.46029786407767e-05,1.28043281553398e-05,2.49047433568903e-05,-2.78471951986157,1.64057727475431e-05,1.518047564098,1.97504640080785e-05,1.99415409572496e-05,4.97760357736848e-06,1.53129260921061e-06,3.51912844854431e-09,2.42840706918658e-09,8.29382945779669e-10,1.51966461520683e-10,4.99980800737252,3.6409083401092e-05,17.776270103509,6.0605673450968,1.86065150964786,4.50861510832723,2,2,1.16076054021764,0.204470403793165,0.648985899666415,4.50861510832723,1,1,1,spectral_energy,"multiple_strong_features","BandEnergy_5_10, BandEnergy_10_30",1.16076053984324,1.09670719733362,1.16076054021764,0.146474271220313,0.204470403793165,0.372492320083451,0.648985899666415,0.506579708000185,4.50861510832723,3.58171444361566,0.385564610401188
mdx5Cv_702WT,saw4Hzhigh_s1_c2_5cv702WT.csv,high,saw4Hzhigh_s1_c2_5cv702WT_curve_126,126,200,2048,2047.92135981978,1.75986328123838e-10,5.984e-06,6.23673831573228e-05,6.23521548865208e-05,-0.0002432,0.9438839,0.0001454,0.7783502,0.0003886,3.88794051017548e-09,5.1233994253194e-05,3.02873009708738e-05,3.06963875123847e-05,-0.000102739417475728,-0.000133026718446602,4.09228967158477e-05,-1.77636643932905,1.28585999331534e-05,3.18253129639948,2.31701431195406e-05,1.36281990708548e-05,6.53658633325436e-06,1.92301711200834e-06,4.57833334642847e-09,1.28623173720812e-09,1.26341891134752e-09,2.38316598175748e-10,2.99988480442351,4.29206627009976e-05,19.7576696884739,3.90519114672309,2.53847116066661,6.47594702188384,1,2,1.74269834725487,1.353676816872,1.7853459822878,6.47594702188384,1,1,1,spectral_energy,"severe_feature, strong_group_score","BandEnergy_10_30, BandEnergy_30_80",1.51378916187284,1.74269834725487,1.51378916235049,0.662712811256449,1.353676816872,1.7853459822878,0.791921141359259,0.56282846260037,1.64300151224732,6.47594702188384,3.49595954518484
mdx5Cv_702WT,saw4Hzhigh_s1_c2_5cv702WT.csv,high,saw4Hzhigh_s1_c2_5cv702WT_curve_154,154,200,2048,2047.92135981978,-6.94335937509794e-11,7.927e-06,5.84941578352223e-05,5.84798752913232e-05,-0.0002145,0.3784325,0.0001166,0.5727759,0.0003311,3.42002713808798e-09,4.7840489308936e-05,-6.78344660194175e-05,3.40769469752389e-05,5.70049126213592e-05,0.000124839378640777,1.72093316175268e-05,-1.10671192367021,1.31903141951542e-05,1.30469459351919,1.97956687971438e-05,1.34174057159259e-05,5.87454040052566e-06,1.92368789838877e-06,3.55133339757138e-09,1.53846847115357e-09,1.12768283828037e-09,2.48886367012041e-10,2.99988480442351,4.46897016953332e-05,20.4297460876237,3.69745380628655,2.28935857485992,5.57083363063949,2,2,0.905600520890755,1.40152073428597,0.83368088440242,5.57083363063949,1,1,1,spectral_energy,"severe_feature, multiple_strong_features","BandEnergy_10_30, BandEnergy_30_80",0.905600520585861,0.528826088415923,0.905600520890755,0.878614797483912,1.40152073428597,0.30626823455003,0.83368088440242,0.474064530160543,2.27584044160226,5.57083363063949,3.97108112166732
mdx5Cv_702WT,saw4Hzhigh_s1_c2_5cv702WT.csv,high,saw4Hzhigh_s1_c2_5cv702WT_curve_157,157,200,2048,2047.92135981978,-3.06103515626171e-10,1.1965e-05,6.64912714895878e-05,6.64750362876358e-05,-0.0002061,0.3379036,0.0001233,0.4077305,0.0003294,4.41910013637176e-09,4.96605191953999e-05,-6.06447776699029e-05,9.50165598344608e-05,-4.03111825242718e-06,5.66136594174757e-05,3.49005550826052e-06,-1.15264743451403,1.57326910440247e-05,0.221834618022121,1.90224170905903e-05,2.05182186985105e-05,5.24424576624484e-06,1.63423998970179e-06,4.56398401295515e-09,3.05909574497511e-09,7.66029476614169e-10,1.6009492739893e-10,2.99988480442351,6.07576859230197e-05,18.4386433977747,8.23115976343263,2.78982328899433,6.09095539675094,2,3,2.16133786756544,4.77056925082468,1.77108900252274,6.09095539675094,2,1,1,mixed,"severe_feature, multiple_strong_features, strong_group_score","BandEnergy_5_10, BaselineStd, BandEnergy_10_30",2.16133786694085,0.492937691198075,2.16133786756544,4.77056925082468,0.672555830976733,1.51635338353072,1.77108900252274,0.54834090264885,6.09095539675094,3.15926172321677,0.020182019516522
mdx5Cv_702WT,saw4Hzhigh_s1_c2_5cv702WT.csv,high,saw4Hzhigh_s1_c2_5cv702WT_curve_162,162,200,2048,2047.92135981978,-1.65776367185061e-10,1.0625e-05,4.84222480747241e-05,4.84104247936512e-05,-0.0001957,0.0253916,0.0001007,0.8164376,0.0002964,2.34365922176014e-09,3.8988325351041e-05,-5.45853554368932e-05,7.54422461096537e-05,1.02242077669903e-05,6.48095632038835e-05,2.46356720031524e-05,-2.17043965704721,1.01105102573658e-05,2.43663983078042,1.90657455053635e-05,9.23598141649614e-06,4.27090531274696e-06,2.12669714423423e-06,3.02164219124001e-09,4.42701438302786e-10,5.73972691657832e-10,2.76803994167097e-10,2.99988480442351,3.77417727200465e-05,22.5170678444505,4.07197656341896,2.04831773267098,5.22600610924275,2,2,0.675929239123434,3.52044090412279,0.348759344190179,5.22600610924275,2,1,1,mixed,"severe_feature, multiple_strong_features","BandEnergy_30_80, BaselineStd",0.675929238856299,0.203719431266014,0.675929239123434,3.52044090412279,0.760125830666088,0.348759344190179,0.146219267682553,1.00885822784601,0.473338970313594,1.87859134565751,5.22600610924275
mdx5Cv_702WT,saw4Hzhigh_s1_c2_5cv702WT.csv,high,saw4Hzhigh_s1_c2_5cv702WT_curve_174,174,200,2048,2047.92135981978,8.55712890657465e-11,1.73e-05,6.45790067867153e-05,6.45632385026188e-05,-0.0003918,0.253916,0.0001085,0.0893589,0.0005003,4.16857183295785e-09,4.8614219600093e-05,5.34067961165048e-05,1.65561925630114e-05,-8.23473786407767e-05,-0.000135754174757282,2.90165786618595e-05,-2.44523472397379,1.42288931386266e-05,2.03927166918111,2.13788973341254e-05,2.01830489926488e-05,5.20784397475725e-06,1.81180952124806e-06,4.51127836558914e-09,2.51220885515542e-09,7.53484370302597e-10,2.01912598235105e-10,2.99988480442351,5.39709024215971e-05,18.823084924318,7.35137939485022,2.36879824564683,4.71886613592744,2,3,4.10077715268634,1.38281861190809,0.735169679877752,4.71886613592744,2,1,1,mixed,"multiple_strong_features","BandEnergy_5_10, PeakToPeak, BandEnergy_10_30",1.86106675564843,4.10077715268634,1.86106675627344,0.240361430968442,1.38281861190809,0.735169679877752,0.19777362982458,0.495127544173456,4.71886613592744,3.07560862009826,1.85956369680294
mdx5Cv_702WT,saw4Hzhigh_s1_c2_5cv702WT.csv,high,saw4Hzhigh_s1_c2_5cv702WT_curve_186,186,200,2048,2047.92135981978,3.8530273438819e-11,1.339e-05,5.26809182297225e-05,5.26680551070373e-05,-0.0002112,0.0424821,8.272e-05,0.9800181,0.00029392,2.77403054744062e-09,4.2140507825747e-05,-8.93040116504854e-05,3.84398883826788e-05,2.07291679611651e-05,0.00011003317961165,2.63324492375896e-05,-2.35423052709427,9.0904340665935e-06,2.89672077747263,1.87022060424339e-05,1.21235641113663e-05,4.16802093098134e-06,2.00331208521005e-06,3.32369153024344e-09,1.06609733742564e-09,4.7317148808594e-10,2.73360419265937e-10,2.99988480442351,4.44321632412236e-05,21.7445703762117,5.88024104363453,1.71499995978754,5.07121400724741,1,1,0.256074269560285,1.24332233687049,0.544501247052772,5.07121400724741,1,1,1,spectral_energy,"severe_feature","BandEnergy_30_80",0.00721657704025204,0.256074269560285,0.00721657703927156,1.15725734940785,1.24332233687049,0.498420661315664,0.544501247052772,0.703899261266451,1.09070440748595,1.20643016444128,5.07121400724741
mdx5Cv_702WT,saw4Hzlow_s1_c1_5cv702WT.csv,low,saw4Hzlow_s1_c1_5cv702WT_curve_016,16,80,2048,2047.92135981978,1.18173828063165e-11,3.93e-06,9.15309776994197e-05,9.15086285408162e-05,-0.0001849,0.2260829,0.000204,0.8281568,0.0003889,8.37415065245842e-09,7.59600873617965e-05,9.07478640776699e-05,1.47792453607187e-05,-9.22069902912622e-05,-0.000182954854368932,6.96619651733706e-05,-2.30125291575746,1.25685784847771e-05,5.54254924345767,3.68562368062694e-05,1.47194392763986e-05,4.19903728463065e-06,1.40782339549514e-06,1.35564122792873e-08,2.38381665542738e-09,5.77208955161065e-10,1.32469073827412e-10,2.99988480442351,8.4459263312577e-05,14.2784494132151,22.4612053582175,2.25757424247748,4.60309027785849,2,2,1.45209758120728,2.37741824148764,3.58518782361074,4.60309027785849,2,1,1,mixed,"multiple_strong_features","BandEnergy_5_10, Amp4Hz",1.45209758120728,1.08814329556185,1.45209758113104,0.816110419485661,2.37741824148764,3.58518782361074,2.25270606392123,0.954025862616588,4.60309027785849,1.55479419175084,1.37819627666759
mdx5Cv_702WT,saw4Hzlow_s1_c2_5cv702WT.csv,low,saw4Hzlow_s1_c2_5cv702WT_curve_016,16,80,2048,2047.92135981978,4.33613281250499e-10,-7.4285e-06,6.97824619910828e-05,6.97654231783585e-05,-0.0001669,0.6181878,0.0001647,0.8281568,0.0003316,4.86740117228345e-09,5.7667423738572e-05,6.909e-05,1.62320867178464e-05,-7.72628155339806e-05,-0.000146352815533981,5.52902156612585e-05,-2.42687770039564,1.17619679646219e-05,4.70076230665811,2.79793929165888e-05,1.36887076084511e-05,4.07531525687595e-06,1.54041628352198e-06,7.18422130666172e-09,1.69851110570527e-09,4.97010898283185e-10,1.51664756102048e-10,3.99984640589801,5.52902156612585e-05,17.068579126115,13.6936376627037,2.27889267774494,4.41951627392268,2,3,1.79098428723265,2.54233777770738,3.69802367126369,4.41951627392268,2,1,1,mixed,"multiple_strong_features","BandEnergy_5_10, Amp4Hz, Drift",1.79098428723265,0.177100925672625,1.79098428687076,0.138716549984305,2.54233777770738,3.69802367126369,1.92481127367842,1.0731740017287,4.41951627392268,2.46499333242962,0.239240884023664
mdx5Cv_710,saw4Hzlow_s1_c1_5cv710.csv,low,saw4Hzlow_s1_c1_5cv710_curve_031,31,80,2048,2047.92135981978,4.99804687507753e-10,2.3295e-05,0.000108787456288818,0.000108760893609485,-0.0002293,0.3701314,0.0002296,0.8213206,0.0004589,1.18293862097217e-08,9.308435301284e-05,5.79493203883495e-05,2.17404282865499e-05,5.34013980582524e-05,-4.54792233009709e-06,0.000131877511538221,-0.631134432866279,1.28112373782482e-05,10.2938933720678,3.45217156124409e-05,1.65551224256126e-05,4.68875927385461e-06,1.55865932704901e-06,1.90695357555564e-08,3.06816436374921e-09,1.26714833367874e-09,1.74053510662165e-10,3.99984640589801,0.000131877511538221,14.831164392923,15.3605803347384,1.63435793933165,5.30637620831131,1,1,0.130179157438185,0.507728218059507,0.492556965930358,5.30637620831131,1,1,1,spectral_energy,"severe_feature","BandEnergy_30_80",0.0966505463977656,0.130179157438185,0.0966505463684231,0.507728218059507,0.00337307594773567,0.225516352364415,0.492556965930358,0.0678012590882841,0.7243439532428,0.329524497975072,5.30637620831131
mdx5Cv_710,saw4Hzlow_s1_c1_5cv710.csv,low,saw4Hzlow_s1_c1_5cv710_curve_061,61,80,2048,2047.92135981978,7.1606445310144e-11,2.0465e-06,6.2791173642895e-05,6.27758418947783e-05,-0.0001564,0.7866513,0.0001386,0.2407319,0.000295,3.94095765256111e-09,5.1259038803735e-05,2.98530009708738e-05,2.00931975122911e-05,-5.79263106796117e-05,-8.77793116504854e-05,3.87231581739096e-05,1.21491580993417,1.17970474952859e-05,3.28244488196343,2.67043968202205e-05,1.58353878053692e-05,5.00786667654701e-06,1.69697846104963e-06,5.43378545399241e-09,1.45525410703042e-09,7.1615800554433e-10,1.78266914809616e-10,0.999961601474503,4.15283958818717e-05,17.4773631813037,7.70219802022639,2.05117556475784,5.61340477028653,1,1,1.23954196427756,0.888873617459748,2.13355518841706,5.61340477028653,1,1,1,spectral_energy,"severe_feature","BandEnergy_30_80",1.23954196426877,1.20334358656922,1.23954196427756,0.648952742362343,0.888873617459748,1.51758584980598,2.13355518841706,1.0150856854793,0.523252395486494,0.937391682179544,5.61340477028653
mdx5Cv_710,saw4Hzlow_s1_c2_5cv710.csv,low,saw4Hzlow_s1_c2_5cv710_curve_067,67,80,2048,2047.92135981978,3.6615234375017e-10,2.4745e-05,7.5839685567316e-05,7.58211677592151e-05,-0.0001497,0.0102543,0.0001448,0.1450251,0.0002945,5.74907023619109e-09,6.4844349732104e-05,-0.000105471708737864,5.46864363580384e-05,-6.78716504854369e-05,3.76000582524272e-05,8.59574580470629e-05,-3.03014214500543,1.00880227652257e-05,8.52074386087567,2.87222071924975e-05,1.04043809305341e-05,3.67499807431717e-06,8.6271403845015e-07,9.51406834684745e-09,1.3023700301052e-09,5.8261165402882e-10,5.58959251676158e-11,3.99984640589801,8.59574580470629e-05,13.2020419598519,16.9401820242904,1.76799641691411,5.30829924611861,1,1,0.419742235972324,5.30829924611861,0.31991702193891,1.75343475588748,1,1,1,baseline_drift,"severe_feature","BaselineStd",0.419742235963268,0.0373605168453902,0.419742235972324,5.30829924611861,0.611036043764569,0.31991702193891,0.00881071538938467,0.345342543764327,1.47561848076888,0.0713193919896574,1.75343475588748
mdx5Cv_710,saw4Hzlow_s1_c2_5cv710.csv,low,saw4Hzlow_s1_c2_5cv710_curve_068,68,80,2048,2047.92135981978,-4.74658203130379e-11,1.03e-05,6.20831148083724e-05,6.20679559472664e-05,-0.0001684,0.0151373,0.0001035,0.0664088,0.0002719,3.85257908882817e-09,4.9501371780663e-05,-9.22326757281553e-05,6.15398194855925e-05,1.97986922330097e-05,0.000112031367961165,6.25610535412206e-05,2.82115529339503,9.76740727477739e-06,6.40508292321867,1.86679971933195e-05,1.11989668719461e-05,5.4711059059507e-06,1.06065304703326e-06,4.96457018343696e-09,1.26824253449218e-09,1.33805134917348e-09,8.24667948573813e-11,3.99984640589801,6.25610535412206e-05,16.6034450534954,4.38770301516682,2.31355970058566,6.38658843380695,1,2,0.33891325995461,6.38658843380695,0.647334744134892,3.4015259849301,2,1,1,mixed,"severe_feature","BaselineStd, BandEnergy_10_30",0.301716292368334,0.33891325995461,0.301716292347046,6.38658843380695,1.76887878680768,0.372603860459591,0.647334744134892,0.507806387637895,1.39227464305712,3.4015259849301,0.582426649256368
